Date,Open,Close,High,Low,Volume
04-Oct-13,276.5,278.5,281.4,276.1,6294675
07-Oct-13,278.4,276.6,279.2,275.07,3496726
08-Oct-13,276.8,274.1,276.8,274.1,5822091
09-Oct-13,273.8,274.4,275.1,272.9,4299607
10-Oct-13,275.3,275,276.4,274.5,9573078
11-Oct-13,276,275.6,276,274.6,5943911
14-Oct-13,274.7,279.4,280.83,274.7,16718014
15-Oct-13,280.4,281.7,284.7,280.4,7151374
16-Oct-13,281.7,281.1,282.4,279.61,6142794
17-Oct-13,280.2,283.5,285.2,279.9,7574337
18-Oct-13,284.5,282.5,285.6,281,10000268
21-Oct-13,280,282,282.3,278.3,6019522
22-Oct-13,281.3,283.7,285.2,281.1,6297567
23-Oct-13,284.1,283.1,284.5,280.6,10880180
24-Oct-13,282.9,282.3,284.6,281.7,4938154
25-Oct-13,283.1,282,284.49,280.9,5629419
28-Oct-13,283.1,284.5,284.8,281.2,6045717
29-Oct-13,285.3,286.5,287.4,284.52,6725072
30-Oct-13,286.1,285.4,287.9,284.38,6216818
31-Oct-13,285.4,281.6,286.73,280.6,8985509
01-Nov-13,282.3,281.5,282.55,280.1,3621472
04-Nov-13,282.4,281,282.4,280,4818025
05-Nov-13,281.6,280.2,281.8,278.6,4313052
06-Nov-13,280.6,281,282.1,280,6588133
07-Nov-13,280,280.1,281.9,277.1,11634017
08-Nov-13,279.2,278.4,280.17,277.6,7858729
11-Nov-13,278,275.7,279,275.3,7857162
12-Nov-13,275.3,274.8,276.28,274.4,5635320
13-Nov-13,275,274,275.7,273.8,6780938
14-Nov-13,275.4,266.2,276.1,265.46,14270458
15-Nov-13,267,267.3,269.1,264.8,9304744
18-Nov-13,267.6,268.9,269.5,266.5,4893670
19-Nov-13,268,268.4,268.9,266.04,5289276
20-Nov-13,267.3,266.2,269,265.9,5483142
21-Nov-13,266,266.5,267.6,265.66,4683326
22-Nov-13,268,267.1,269.5,266.5,4925670
25-Nov-13,267.5,266.6,269,265.8,7205598
26-Nov-13,266.5,263.7,266.5,263.1,10747812
27-Nov-13,263.5,263.7,264.2,262.5,4441907
28-Nov-13,263.2,264,265.1,262.5,4797543
29-Nov-13,264.7,265.5,266.51,264,5053391
02-Dec-13,265.8,259.5,266.31,257.7,8022594
03-Dec-13,258.5,259.8,260.3,255.58,10409748
04-Dec-13,261,260.7,262.76,258.3,6416380
05-Dec-13,261,257.8,261,255,7655525
06-Dec-13,261,260.2,262.54,257.8,7260399
09-Dec-13,261,260.3,261.5,259.8,4504704
10-Dec-13,260.9,264,267.4,260.3,6980187
11-Dec-13,265.3,261.2,265.6,261.1,5804634
12-Dec-13,261.6,260,262.7,259.8,3812717
13-Dec-13,260.6,260.8,262.9,259.4,4121325
16-Dec-13,259.2,264.4,264.7,259.2,5327757
17-Dec-13,264.6,256.7,266.2,256.6,8389600
18-Dec-13,257.8,253.2,258.9,251.7,9352696
19-Dec-13,254.8,259.4,260.1,253.2,8532874
20-Dec-13,259.7,261.3,263.5,258.8,7549318
23-Dec-13,261.2,263.3,263.3,259.7,3126612
24-Dec-13,261.9,263.8,265.42,261.9,610362
27-Dec-13,266.3,267.7,269.79,266.3,3869593
30-Dec-13,267.8,263.7,268.1,262.8,3648082
31-Dec-13,263.5,261,266.9,261,1281786
02-Jan-14,261.2,259.5,262.5,258.1,6863997
03-Jan-14,259.9,258.2,261.24,257.78,6852296
06-Jan-14,257.8,256.3,258.84,255.6,6622771
07-Jan-14,255.9,253.6,255.91,250.3,9072553
08-Jan-14,255.5,254.2,256.7,248.4,10594212
09-Jan-14,241,234.5,254.2,232.25,41306472
10-Jan-14,235,236.1,242.5,234.1,20777448
13-Jan-14,245,251.3,252,242,38080764
14-Jan-14,249.1,249.8,250.3,247.2,17780636
15-Jan-14,249.9,247.8,250,244,17509070
16-Jan-14,247.2,253.1,258,245.3,28168206
17-Jan-14,253.5,252.4,255.1,252.1,14537072
20-Jan-14,253,254.9,255.5,252.2,8055984
21-Jan-14,255.5,250.1,255.94,249.5,9935519
22-Jan-14,250.8,248.4,251.3,248,6357921
23-Jan-14,247.4,244.2,248.4,243.3,10286934
24-Jan-14,244.1,245.1,246,243.37,9326142
27-Jan-14,245.5,245.7,247.25,242.8,11733573
28-Jan-14,245.8,243.1,249,243.1,8178549
29-Jan-14,243.9,240,245.6,239.23,13174566
30-Jan-14,239.5,240.6,241.5,237.9,8021908
31-Jan-14,240.5,239.9,241.6,237.58,7055320
03-Feb-14,239.5,238.6,241.65,238.3,5577355
04-Feb-14,238,234.9,238.9,234.8,8728928
05-Feb-14,234.7,236.2,238.93,233.34,7131441
06-Feb-14,237.3,237.5,239.3,235.36,10934462
07-Feb-14,237.4,237.9,239.1,236.8,8379971
10-Feb-14,238.5,240.3,240.3,238.5,5641847
11-Feb-14,240.5,237.2,243.62,234.08,17376620
12-Feb-14,249.8,237.8,250,236.67,27082468
13-Feb-14,238.9,236.1,240.16,234.7,9311334
14-Feb-14,234.5,233.8,236.1,230.4,13594362
17-Feb-14,234.3,236.4,237,233.8,6558170
18-Feb-14,235.6,232.6,236.4,229.95,11263608
19-Feb-14,232.5,244,246.6,229.9,40920440
20-Feb-14,241.6,242.1,242.7,238.6,17266558
21-Feb-14,242.2,240.9,242.5,237.7,12466203
24-Feb-14,238.9,239.9,240.97,237.4,9854357
25-Feb-14,240,239.6,240.39,238,14865534
26-Feb-14,239,235,240.32,234.7,9394257
27-Feb-14,235.2,237,237.7,234.1,7846471
28-Feb-14,237,235.3,238.1,233.1,10722109
03-Mar-14,232.2,230.5,235.3,229.37,9498466
04-Mar-14,232.9,235,235.1,230.5,7951991
05-Mar-14,235.5,236.2,237.01,234.3,8085281
06-Mar-14,237,236.5,237.66,235.8,6431540
07-Mar-14,237,237.5,242.7,235.7,21377320
10-Mar-14,237.4,233.7,237.7,233.7,12992537
11-Mar-14,233.6,230.8,233.7,225.8,18897900
12-Mar-14,231.5,233,233.8,230.2,9850541
13-Mar-14,214.8,205.2,219.64,201.3,65528080
14-Mar-14,204.5,208,214.61,198,28444036
17-Mar-14,208.9,207.4,208.9,205.2,13470623
18-Mar-14,205.2,209.6,210.5,204.5,13131551
19-Mar-14,208.2,210.2,212.19,207.5,12996908
20-Mar-14,209.1,208.3,210.2,206.5,10235617
21-Mar-14,208.8,211.2,211.39,208,46087152
24-Mar-14,212.4,212.2,213.8,211.1,19568872
25-Mar-14,212.6,210.3,214.53,209.4,12540719
26-Mar-14,210.5,211.3,214.11,209.75,7448706
27-Mar-14,211,212.3,213.25,209.55,7073813
28-Mar-14,213.6,214.9,215.47,212.3,6269177
31-Mar-14,216.1,213,216.87,212.8,10066888
01-Apr-14,213.6,210.8,214.5,210.2,16036954
02-Apr-14,210.5,207.2,210.8,205.77,18376612
03-Apr-14,207.9,207,209.3,206.3,7543908
04-Apr-14,207.4,204.8,207.8,204.8,10595695
07-Apr-14,203.5,204.9,207.84,203.1,7402038
08-Apr-14,205.1,203,206.1,200.8,12186922
09-Apr-14,203.6,201.9,204.4,201.2,8261964
10-Apr-14,203,197.3,203.8,197.1,14305763
11-Apr-14,197,201.2,201.3,196,14331208
14-Apr-14,200.3,203.9,203.95,200,10090681
15-Apr-14,204.6,200.8,204.6,199.9,8418122
16-Apr-14,203,202,205.7,199.4,11522216
17-Apr-14,203.1,201.4,203.1,199.4,7935942
22-Apr-14,202.9,204.1,205,201.7,6259511
23-Apr-14,201,196.7,202.93,195.7,19030688
24-Apr-14,198,197.9,199.65,196.7,9880187
25-Apr-14,197.5,196.4,198.51,195.4,7680552
28-Apr-14,197,198.8,200,196.16,9099989
29-Apr-14,199.8,200.8,201.7,198.8,9159641
30-Apr-14,200.1,200.9,202.8,199.2,6993604
01-May-14,201.8,197.5,203,197.4,6690485
02-May-14,195,196.2,198.04,194.8,11149389
06-May-14,197.9,202,203.3,196.2,15871003
07-May-14,196,190.8,196,188.98,19749404
08-May-14,189.8,198.9,205.66,184.4,25449266
09-May-14,198.4,197.6,206.48,196.2,11785968
12-May-14,198.5,197.2,200.4,195.4,6610750
13-May-14,198.2,195.8,199.7,194.9,7317277
14-May-14,195.6,196.3,197.9,194.02,6407066
15-May-14,197,205.2,210.5,196.3,17598192
16-May-14,205.3,212.9,214.98,204.9,21612914
19-May-14,213.1,214,215.2,209.3,9201112
20-May-14,214.4,209.5,214.9,208.6,8862490
21-May-14,206.5,205,209.5,200.7,17555560
22-May-14,205,204.9,206.4,203.5,13759869
23-May-14,205,202.7,205,201,9086001
27-May-14,204.4,200,205,199.1,12453092
28-May-14,200,198.9,200.2,197.2,11852303
29-May-14,199.3,202.2,202.8,198.86,8653909
30-May-14,201.9,201.7,202.7,198.3,26312244
02-Jun-14,201.9,198.6,202,198.1,7665474
03-Jun-14,198.8,194.4,198.8,193.49,13692225
04-Jun-14,195.6,193.8,196.5,192.2,9362890
05-Jun-14,195,192.5,195,188.9,13454580
06-Jun-14,192.7,193,201.65,189.8,11963564
09-Jun-14,193.6,194.6,204.34,192.6,13337306
10-Jun-14,194.3,194.5,195.4,191.2,6127863
11-Jun-14,194.5,195.5,196.3,193.3,14534198
12-Jun-14,195.2,193.2,195.9,191.6,7399035
13-Jun-14,193.3,192.3,193.8,190.6,6830302
16-Jun-14,191.3,188.3,192.3,187.9,10200283
17-Jun-14,188.6,192.6,193.2,187.3,21457832
18-Jun-14,193.1,190.9,194.68,190.5,10017987
19-Jun-14,191.8,190.5,193.54,190.5,6648667
20-Jun-14,190.7,188.7,191.4,188.6,10298861
23-Jun-14,189.3,186.6,190.3,186.4,10378980
24-Jun-14,186.5,186.8,188.28,185.3,10461175
25-Jun-14,186.2,183.5,186.8,182.65,8913872
26-Jun-14,184.1,181.6,185.2,181.22,8159470
27-Jun-14,182.1,183.9,184.28,181.6,8350919
30-Jun-14,183.8,183.4,185,182.2,7630638
01-Jul-14,183.9,180.2,184.23,178.4,12984185
02-Jul-14,180.1,179.6,182.8,178.4,9335083
03-Jul-14,180.1,182.2,183.7,179.9,11833417
04-Jul-14,181.8,183.9,184.6,181.57,6192736
07-Jul-14,183.2,179.3,183.9,178.72,7495177
08-Jul-14,179.5,174.8,180.7,174.7,10356120
09-Jul-14,175,173.4,175.9,173.18,9633273
10-Jul-14,173.4,173.8,175.7,171.7,16086413
11-Jul-14,173.6,172.7,174.8,171.1,6783967
14-Jul-14,172.1,176.2,177.1,171.9,9843224
15-Jul-14,175.7,176.8,177.49,175.2,7625309
16-Jul-14,176.9,180.1,181.1,176.86,10020206
17-Jul-14,179.8,179.3,180.15,178.2,8931365
18-Jul-14,178.4,178,180.4,177.8,8465429
21-Jul-14,175,173.7,178,173.3,9601311
22-Jul-14,173.9,171.5,174.38,170.8,7945864
23-Jul-14,172.3,173.1,173.9,171.1,7924743
24-Jul-14,173.2,173.6,173.6,170.5,6741840
25-Jul-14,173.1,171,175,170.5,6839204
28-Jul-14,171.9,172.3,172.9,171,4703129
29-Jul-14,172.8,174.5,174.8,170.9,8005933
30-Jul-14,174.5,171,175.3,170.4,5809589
31-Jul-14,171,168.6,171.85,168.03,9415923
01-Aug-14,169.3,169.4,172.7,167.6,9980892
04-Aug-14,169.6,168.3,170.08,168.1,5654532
05-Aug-14,169,168.2,169.84,167.9,5364917
06-Aug-14,167.6,167.8,168.3,164.6,6936090
07-Aug-14,167.7,167.3,168.9,166.8,4825766
08-Aug-14,166,169.6,170.6,165.8,6837845
11-Aug-14,170.5,166.8,170.61,164.9,10422227
12-Aug-14,166,165.5,166.84,164.68,5749104
13-Aug-14,166.1,169,169.15,165.9,6447192
14-Aug-14,168.5,170.7,170.9,168.3,6125009
15-Aug-14,171,173.1,174.2,170.5,8081624
18-Aug-14,173.9,175,175.4,171.23,5430269
19-Aug-14,175.5,175.4,176,174.5,4090004
20-Aug-14,175.3,174.8,175.7,173.91,5014231
21-Aug-14,175.3,176.3,176.61,174.4,6003523
22-Aug-14,176,177.7,178,175.75,5134162
26-Aug-14,178.9,181.8,182.2,177.2,7845747
27-Aug-14,182,184.4,187.94,181.2,16720183
28-Aug-14,185.8,186.9,188.3,185.76,12785096
29-Aug-14,180,177.5,180.97,176.62,24488774
01-Sep-14,177.6,173.5,178.2,171.8,12385839
02-Sep-14,173,174.1,174.9,171.7,10133016
03-Sep-14,174.9,175.3,176.4,174.3,7293969
04-Sep-14,173.7,173.8,175.1,172.2,8014119
05-Sep-14,174.2,173.4,174.5,172.8,9732872
08-Sep-14,170.5,170,171.9,167.5,13080536
09-Sep-14,173.1,175.3,175.8,172.76,12935033
10-Sep-14,174.7,176.6,177.3,173.2,10726532
11-Sep-14,182,177.8,186.9,173.8,26090104
12-Sep-14,178.3,176.5,181.1,175.8,12255048
15-Sep-14,175.9,176.1,177.5,174.86,9436550
16-Sep-14,175.8,176.3,177.74,174.8,10116446
17-Sep-14,177.4,178,178.7,176.6,8417583
18-Sep-14,178.3,178.4,178.83,176.06,12199136
19-Sep-14,180,182,182,179.1,21944052
22-Sep-14,180,179,180.6,175.9,13130402
23-Sep-14,178.4,174.6,178.9,173.9,14311572
24-Sep-14,174.8,176.1,176.7,173.99,12953575
25-Sep-14,176.8,174.1,178.32,173.7,10534050
26-Sep-14,174,171,174.8,169.7,11668799
29-Sep-14,171,169.7,172.2,166.4,14395483
30-Sep-14,170,168.3,170.4,167.07,11160587
01-Oct-14,164.9,159.9,164.9,156.3,23521816
02-Oct-14,159.9,158.9,163.7,158.9,22444344
03-Oct-14,160,157.8,161,156.02,12454210
06-Oct-14,158.1,160.4,161.2,157.96,9147877
07-Oct-14,160.1,159.3,162.2,159,9115411
08-Oct-14,158.9,160.1,161.4,158.9,9900402
09-Oct-14,161.3,159.7,161.9,159.3,9572037
10-Oct-14,158.6,154.4,161.13,154.3,13702139
13-Oct-14,153.6,155.9,156.4,153.6,8058428
14-Oct-14,155.6,156.5,157.2,154.2,8567482
15-Oct-14,156.9,157.6,160.5,156.9,18656550
16-Oct-14,158.2,156.5,159.7,150.6,32265272
17-Oct-14,156.8,158.9,159.5,156,13691898
20-Oct-14,159.2,159.8,160.5,157.1,8510239
21-Oct-14,159.3,162.1,163.2,159.14,13693290
22-Oct-14,162.2,157.9,163.2,156.6,12670759
23-Oct-14,157.2,153.1,157.4,151.2,15179966
24-Oct-14,153.9,152.5,153.9,150.8,15194813
27-Oct-14,153.5,151.7,153.5,150.91,7131284
28-Oct-14,152.9,154.4,154.8,152.52,10648458
29-Oct-14,154.6,156.5,157,154.6,10303586
30-Oct-14,156.5,155.6,157.2,153.9,7584642
31-Oct-14,156.6,154.8,157.8,154.08,12387765
03-Nov-14,154.3,155.1,157.62,154.3,7581458
04-Nov-14,155,153.3,156.89,151.24,8526328
05-Nov-14,153.7,162.4,162.5,153.7,18444382
06-Nov-14,163.5,172.5,177.62,162.3,33597112
07-Nov-14,173.5,168.4,176,166.8,26664904
10-Nov-14,169.2,170.6,172.2,168.6,12582692
11-Nov-14,171.1,174,174.7,170.6,19748608
12-Nov-14,173.4,173,174.6,169.1,21821352
13-Nov-14,173.2,176.8,178.8,172.6,14558387
14-Nov-14,177.4,179.5,179.8,176.2,11062175
17-Nov-14,180.5,181.5,181.95,179.5,11652073
18-Nov-14,181.7,182.1,185.2,181.7,11446263
19-Nov-14,182.9,182.2,183.1,180.4,8330486
20-Nov-14,182,183.3,183.8,179.4,10109770
21-Nov-14,183.3,186.5,188.83,183.3,16698554
24-Nov-14,185.8,187,187.8,185.4,8717644
25-Nov-14,186.2,181.1,186.61,180.5,17676032
26-Nov-14,179.7,180.9,183,179.63,12462413
27-Nov-14,180.5,178,180.7,176.4,12607182
28-Nov-14,177.4,178.5,178.8,175.9,8705438
01-Dec-14,177.3,176.7,178.33,174.9,10152840
02-Dec-14,177,182.9,183.5,176.2,15091473
03-Dec-14,183.3,184.1,186.4,182.9,10348031
04-Dec-14,184.2,182.5,184.8,181,7075730
05-Dec-14,183.4,184.8,185,181.4,9866194
08-Dec-14,184,184.9,186.14,183.44,5874052
09-Dec-14,174,176.7,177.9,172.5,20208128
10-Dec-14,176.1,176.7,180.1,174.2,11001334
11-Dec-14,176.5,174.8,178.7,173.2,10299026
12-Dec-14,173.5,171,173.6,170.9,10234489
15-Dec-14,170,168.3,171.55,168.2,9391329
16-Dec-14,168.9,169.9,170.5,166.4,12063208
17-Dec-14,167.7,167,170.6,164.7,19512484
18-Dec-14,168.6,170,172.4,167.7,14129706
19-Dec-14,171.2,176.2,177.02,169.6,16831186
22-Dec-14,176.4,176,178,175.3,7468959
23-Dec-14,176.9,180.4,181.1,176.8,6429760
24-Dec-14,178,181.7,182.4,178,1755651
29-Dec-14,181.8,183,183.6,180.69,4056786
30-Dec-14,182.3,182.5,184.3,181.5,6895545
31-Dec-14,182.5,184.2,185,181.73,2658614
02-Jan-15,183,183.2,184.6,181.73,6116236
05-Jan-15,183.1,176.5,184,176,11099201
06-Jan-15,176.8,173.7,178,172.7,15255714
07-Jan-15,175.5,171.4,179.74,169.2,18264776
08-Jan-15,175,184.7,185.1,174.4,30324216
09-Jan-15,183.6,176.3,183.87,175.9,15850562
12-Jan-15,176,176.9,177.37,173.7,12798989
13-Jan-15,180,184.8,189.1,179.8,25541492
14-Jan-15,182.7,179.1,184.2,178.9,28883092
15-Jan-15,181,188.1,188.8,179,22896362
16-Jan-15,187.9,192.7,193.4,186.6,15933981
19-Jan-15,193.4,191.5,195.14,190.9,10708965
20-Jan-15,192.8,193.4,195.7,191.3,8516458
21-Jan-15,194.6,195,196,188.1,11087534
22-Jan-15,195,197.5,198,192.8,15528467
23-Jan-15,198.2,199.1,199.9,195.1,13015045
26-Jan-15,198.2,196.9,199.2,194.9,13129392
27-Jan-15,197.2,198.5,199,195.7,10171240
28-Jan-15,199.5,186.3,199.6,185.4,23321904
29-Jan-15,186.4,184.9,187.4,178.27,12639512
30-Jan-15,185,179.9,185,178.9,18363764
02-Feb-15,180.8,182.9,182.9,179.1,13030085
03-Feb-15,184,186,189.4,183.3,15348663
04-Feb-15,186.4,181.5,188.3,180.5,15918171
05-Feb-15,180.5,181.2,183.3,178.2,12413671
06-Feb-15,180.6,179,181.03,178.5,12039856
09-Feb-15,178,178,179,176.6,11935256
10-Feb-15,178.1,184.1,189.1,177.2,28315966
11-Feb-15,183.2,179.8,184.9,179.3,10449897
12-Feb-15,178.6,182.6,184.8,177.9,12814578
13-Feb-15,183,183.5,185.6,182.3,7734351
16-Feb-15,182.5,184,184.8,182.4,5418863
17-Feb-15,183,186.6,188.3,183,8969226
18-Feb-15,185.8,185.1,188.4,184.2,6744570
19-Feb-15,184.5,187.1,189.76,184.2,6134595
20-Feb-15,185.9,189.5,189.5,185.1,9080916
23-Feb-15,190,190.8,190.8,187.6,7829643
24-Feb-15,190.6,191.8,192.9,189.64,7878402
25-Feb-15,194.4,192.9,196.2,192.2,11362671
26-Feb-15,192.8,196.3,199.35,192.61,12141789
27-Feb-15,195.1,195.7,197.5,194.6,8585193
02-Mar-15,195.2,198.8,199.84,194.69,11141569
03-Mar-15,198,202,204.7,197.1,17452586
04-Mar-15,202.2,202.8,203.4,198.8,11196697
05-Mar-15,202.3,205.6,206.3,201.8,7213151
06-Mar-15,205.6,206,206.9,204.52,12252624
09-Mar-15,204,208.2,209.3,202.7,15925180
10-Mar-15,209.2,205.1,214.8,204,23735236
11-Mar-15,205.5,206.5,208.1,203.8,12898802
12-Mar-15,209.1,207.6,210.4,198.6,22658496
13-Mar-15,208.4,204,209.1,201.9,14095506
16-Mar-15,203.2,205.8,207,201.2,10390792
17-Mar-15,205.9,201.3,206.6,200.2,21347980
18-Mar-15,200.6,203.1,203.2,199.2,9333989
19-Mar-15,203.5,205.2,208.3,203.47,11493008
20-Mar-15,206.5,206.3,209.3,205.9,29544688
23-Mar-15,206.7,206,207.1,202.7,9297760
24-Mar-15,206.3,206.7,208.6,205.1,6083949
25-Mar-15,206.1,204.3,207.5,203.9,6957505
26-Mar-15,202.7,201.7,204.9,200.9,6839401
27-Mar-15,201.3,198.5,202.08,197.5,8113498
30-Mar-15,200.1,196.4,200.1,194.5,13591606
31-Mar-15,197.2,193.5,197.8,193.1,11085173
01-Apr-15,193.2,195.1,196.5,192.1,7514310
02-Apr-15,194.8,195.7,196.8,194.1,6254489
07-Apr-15,197.4,198.3,199.8,196.6,8029070
08-Apr-15,198.3,198.7,200.6,198.1,7310775
09-Apr-15,199.8,199.9,201.8,198.1,7638242
10-Apr-15,200.1,202.2,202.2,199.79,7403744
13-Apr-15,201.4,200.2,202.1,199.57,4383800
14-Apr-15,199.5,199,200.9,197,6942029
15-Apr-15,199.8,203.6,204.4,198.6,9095119
16-Apr-15,204.2,201.2,205,199.8,9718855
17-Apr-15,201.2,197.7,202.1,197.4,8464543
20-Apr-15,198,198,199.7,196.7,6818512
21-Apr-15,198.5,198.5,200.3,197.7,5101394
22-Apr-15,199.8,190.4,200.9,190.1,12272310
23-Apr-15,189.8,193.5,193.86,189.67,10093477
24-Apr-15,193.9,194.1,195,192.4,5334266
27-Apr-15,195.1,193.3,195.6,190.3,7007948
28-Apr-15,193.1,191.9,194.69,190.4,6819200
29-Apr-15,191.8,190.6,192.4,190,9113310
30-Apr-15,188.8,186.8,192.2,185.4,16177074
01-May-15,186,188,188.8,185.4,6605508
05-May-15,188.7,187.4,190.1,185.5,15708614
06-May-15,187.8,189.3,190,186.27,14098361
07-May-15,180,176.9,180,175.7,18949752
08-May-15,179.8,181,183.4,178.9,17209516
11-May-15,180.8,182.9,186.7,180.6,10150851
12-May-15,182.6,181.2,184.4,179.9,9791168
13-May-15,181.1,176.9,182,176,10773082
14-May-15,177.5,179.2,179.74,176.27,9082958
15-May-15,180.3,179.3,181.5,178.9,8618217
18-May-15,179.4,178.8,181.2,178,6139968
19-May-15,178.8,181,181,178.8,6912179
20-May-15,181.3,179.6,182.8,179.5,5908503
21-May-15,179.9,180.3,182.37,179.3,5235513
22-May-15,181.5,180.7,182.2,179.9,4446102
26-May-15,180.5,177.2,180.9,176.7,7523722
27-May-15,177.5,177.8,178.6,176.9,6851994
28-May-15,177.3,177,178.7,176.2,5789552
29-May-15,176.7,171,178,171,20669012
01-Jun-15,171,169.4,172.6,169,10248649
02-Jun-15,169.5,172.5,173.5,167.8,20009588
03-Jun-15,172.5,178.1,179.2,172.5,18454602
04-Jun-15,178,178.3,180.9,176.7,11539629
05-Jun-15,177.7,173.6,177.7,172.8,10663358
08-Jun-15,173,172.8,173.6,170.6,5618537
09-Jun-15,173.3,171.4,175.9,170.8,6142560
10-Jun-15,170.8,179.9,180.4,170.32,14902618
11-Jun-15,179.1,181.6,183.5,178.4,10347469
12-Jun-15,180.4,178.3,180.9,177,7039166
15-Jun-15,177.1,177.1,177.9,176.4,6092732
16-Jun-15,177.2,177.6,177.8,174.9,5567850
17-Jun-15,177.2,175.3,177.3,174.9,5896890
18-Jun-15,175.4,176.1,176.3,174.1,4936611
19-Jun-15,176.2,176.3,179.19,175.8,8569150
22-Jun-15,178.7,178.3,178.9,176,4972714
23-Jun-15,178.6,179.8,180.6,178.1,5597941
24-Jun-15,180.5,184.5,187.05,178.59,14655404
25-Jun-15,184.3,183.1,185.17,183,7183869
26-Jun-15,182.8,184.2,186.6,182.8,9281637
29-Jun-15,182.4,182.6,185.1,181.2,8202196
30-Jun-15,181.6,180.8,182.8,180.2,10697537
01-Jul-15,181.7,181.7,183,179.6,8094093
02-Jul-15,181.5,180.2,182,179.8,5188986
03-Jul-15,179.4,176.6,180,175.3,6393790
06-Jul-15,174.4,174.7,177,173.8,6229066
07-Jul-15,175.4,169.9,175.4,169.26,9092494
08-Jul-15,170.5,167.4,172.24,165.39,13574856
09-Jul-15,167.9,170.8,171.6,165,10230424
10-Jul-15,173.4,172.8,174.5,171.7,6647329
13-Jul-15,175,178,178.4,173.87,7459305
14-Jul-15,178.5,180.6,180.6,177.9,10442546
15-Jul-15,181.5,180.9,181.5,179.6,4603597
16-Jul-15,181.9,181.5,182.5,180.9,6807971
17-Jul-15,181.2,182.6,184,181.2,5585793
20-Jul-15,182,183.8,183.9,181.07,4098882
21-Jul-15,184,186,188.5,183.4,8347557
22-Jul-15,185,185.9,187,184.8,5659390
23-Jul-15,187.3,185.5,187.3,184.9,4499257
24-Jul-15,185.3,183.5,186.8,183.2,3929072
27-Jul-15,182.5,181.4,183.7,180.8,4387326
28-Jul-15,181.8,179.6,182.5,178.5,7483093
29-Jul-15,180.1,180.5,181.8,179.66,5653861
30-Jul-15,180.4,181.1,181.7,178.9,5334464
31-Jul-15,181.8,182.5,182.5,178.6,5917907
03-Aug-15,181.5,181.8,182.7,180.6,4507772
04-Aug-15,181.8,180.9,182.1,179.7,5422597
05-Aug-15,181,183.9,185.3,180.5,5638217
06-Aug-15,183.7,186,187.8,183,7282005
07-Aug-15,185.5,184.4,186,184.1,6399680
10-Aug-15,185.4,183,186.13,181.8,8467165
11-Aug-15,183.3,181.5,183.7,181.2,5833371
12-Aug-15,180,175.7,182.32,174.8,8024229
13-Aug-15,176.7,176,177.96,175.3,6387923
14-Aug-15,176.3,177.8,178.49,175.6,5963478
17-Aug-15,179,175.7,179,175,5000455
18-Aug-15,175.4,174.1,176.6,173.96,3315661
19-Aug-15,173.8,168.9,173.81,168.6,6456918
20-Aug-15,168,169,171.3,166.63,6171732
21-Aug-15,167,165.5,170.9,165.5,7787485
24-Aug-15,160.7,163.8,164.6,159.5,22245436
25-Aug-15,165.8,166.9,168.2,164.3,12949271
26-Aug-15,165.5,165.3,168.6,162.5,8038722
27-Aug-15,168,168.1,168.75,164.6,7955910
28-Aug-15,168,168.5,168.5,164.46,7234488
01-Sep-15,166,162.4,166.2,161.6,8005146
02-Sep-15,162.3,163.1,164,160.92,5962346
03-Sep-15,168,170.8,172.1,166.7,10137647
04-Sep-15,170.2,167,171.1,166.8,7282351
07-Sep-15,168.6,167.8,169.5,166.7,4420187
08-Sep-15,168.7,170,172.8,168.47,8839844
09-Sep-15,173,175.9,177.6,172.6,9993801
10-Sep-15,168,170.9,172.1,165.5,21549604
11-Sep-15,171.9,165.2,171.9,165.2,9294858
14-Sep-15,165.7,157.8,165.7,157.8,13196721
15-Sep-15,157.9,157.4,158.05,152.6,13546920
16-Sep-15,158.2,160.1,160.2,157.7,7450088
17-Sep-15,159.5,158.5,160.22,157.6,7527512
18-Sep-15,158.5,156.6,158.6,156.1,13884093
21-Sep-15,155.3,159.3,161.7,155,7778065
22-Sep-15,158.8,152.1,159.68,152.1,10730750
23-Sep-15,151.8,152.6,153.9,151.5,6280198
24-Sep-15,152.5,149.9,154.7,149.9,11974927
25-Sep-15,152.8,154.3,155.35,151.8,9599070
28-Sep-15,155.1,155.5,156.3,154.5,8967535
29-Sep-15,154,156.1,158.1,153.3,10576779
30-Sep-15,161,166.1,168.4,160.4,17655148
01-Oct-15,165.2,161.6,166,161.39,9934401
02-Oct-15,162.6,162.2,162.8,159.6,9688598
05-Oct-15,163.8,168.2,168.2,163.2,8955216
06-Oct-15,168.5,173.6,174.04,168.25,11122941
07-Oct-15,174.3,175.1,176.2,172.4,10001026
08-Oct-15,174.4,177.7,178.6,174,7070757
09-Oct-15,178.6,180.9,182.4,178.3,7811435
12-Oct-15,179.9,179,181,177.8,5063632
13-Oct-15,179.5,175,179.5,174,8801310
14-Oct-15,173.5,171.9,174.2,171.7,8083227
15-Oct-15,173.7,173.7,174.5,172.1,4380404
16-Oct-15,174.5,174.8,177.85,173.2,6463218
19-Oct-15,174.2,172.9,176,171.8,5843255
20-Oct-15,173.2,174,174.9,172.45,7011604
21-Oct-15,173.7,174.1,175.1,173.1,6686266
22-Oct-15,173.7,175.4,175.9,173.3,7182474
23-Oct-15,176.1,175,176.93,174.3,6811971
26-Oct-15,175.1,176,177.4,173.2,3236749
27-Oct-15,175.6,172.4,175.9,171.9,6510825
28-Oct-15,170,172.1,172.3,167.6,8173434
29-Oct-15,171.7,171.5,173.3,170.7,5145288
30-Oct-15,171.6,168.5,171.8,167.2,9605700
02-Nov-15,167.7,170.3,170.7,167.32,5029756
03-Nov-15,170.4,170.9,171.99,169.9,6271446
04-Nov-15,170.8,177.5,179.4,170.8,14901188
05-Nov-15,175.7,167.5,175.7,167.3,11648994
06-Nov-15,167,168.6,168.9,166,7260894
09-Nov-15,168.4,163.8,170.7,163.3,10322324
10-Nov-15,160.9,159.5,161.2,157.9,14545437
11-Nov-15,159.9,156.9,161.2,155.4,13179838
12-Nov-15,156.3,154.9,157.07,154.19,8841828
13-Nov-15,154,152.3,155.44,151.3,11730311
16-Nov-15,150.5,153.7,153.7,150.3,7209746
17-Nov-15,154.2,155.6,155.8,152.2,9501287
18-Nov-15,154.3,154.5,156.1,152.2,8584977
19-Nov-15,155.4,154.6,156.6,153.6,5819170
20-Nov-15,155,156.4,157.65,154.3,7791364
23-Nov-15,155.4,152.3,156.03,151.8,6338823
24-Nov-15,152,151.6,152.6,150.9,12339665
25-Nov-15,152,152.7,153.1,150.9,7986081
26-Nov-15,153,155.5,155.7,152.9,3553860
27-Nov-15,154.7,154.6,156.12,153.9,3719536
30-Nov-15,154.7,152.5,155.04,151.75,7875471
01-Dec-15,152.4,151.3,153.4,149.9,9927414
02-Dec-15,152.6,151,152.6,150,8001126
03-Dec-15,150.4,149,155.9,149,10815967
04-Dec-15,148.1,147.6,149.1,146.1,8339497
07-Dec-15,147.4,145.7,147.53,144.84,5558694
08-Dec-15,146.1,144.4,149.8,143.9,10012659
09-Dec-15,142.9,143,144.2,140.3,12283208
10-Dec-15,141.9,140.9,143.43,140.6,6866773
11-Dec-15,140.6,139,141.97,138.6,14356541
14-Dec-15,139.3,140.2,142,138.7,13167688
15-Dec-15,141.9,147.1,148.04,140.7,16658143
16-Dec-15,147.3,147.2,147.9,143.4,11566690
17-Dec-15,149.6,148.3,153.3,147.7,11158378
18-Dec-15,147.5,146.7,149.5,146.3,50240440
21-Dec-15,146.3,147.6,150.4,145.1,7422049
22-Dec-15,148.3,148.6,149.1,146.53,4906483
23-Dec-15,149.7,153.8,154.24,149.7,5193155
24-Dec-15,153.1,155,155.8,153.08,1483571
29-Dec-15,154.8,152.5,155.2,151.2,5590457
30-Dec-15,151,150.9,151.24,148.6,4804344
31-Dec-15,150,148.2,150.58,148.1,1221919
04-Jan-16,146.2,146.5,147.8,144.4,10207126
05-Jan-16,148.5,148.9,150,146.5,13175077
06-Jan-16,148.5,149.8,150,146.4,10433915
07-Jan-16,146.3,149.9,150.94,146.2,13042064
08-Jan-16,149.9,151.2,153.49,149.9,12424990
11-Jan-16,150,152.3,152.9,148.6,12232142
12-Jan-16,165,165.5,173.7,164.3,33177180
13-Jan-16,166,167.4,169.5,165.4,13976785
14-Jan-16,167.6,166.4,168.9,162,13437782
15-Jan-16,166.5,162.9,167.4,160.2,13511770
18-Jan-16,161.7,159.7,163.5,157.59,8302748
19-Jan-16,160.9,158.3,161.6,157,10464238
20-Jan-16,155.6,153.9,156,152,9078902
21-Jan-16,154.1,158.1,158.8,152.9,13289606
22-Jan-16,160,161.2,162.1,157.5,10456220
25-Jan-16,162.4,160,162.4,157.9,8057070
26-Jan-16,158.7,162.6,163.9,156.1,8544977
27-Jan-16,163.3,164.6,164.7,161.7,8152850
28-Jan-16,163.7,169.5,170.6,163.5,19181992
29-Jan-16,171.4,174.5,174.5,170.7,13312097
01-Feb-16,175.8,174.5,177.9,171.4,9356538
02-Feb-16,173.5,173.3,174.7,170.9,5226043
03-Feb-16,172.2,169.8,173.8,168.3,8911448
04-Feb-16,170.5,170.6,172.2,167,7923535
05-Feb-16,171.2,175,177.4,171.2,11184840
08-Feb-16,174.3,173.7,177.1,171.5,12799583
09-Feb-16,173.4,172.4,176,170.4,9953795
10-Feb-16,171.2,173.6,175.9,171.2,9269913
11-Feb-16,171.3,170.7,173.1,168.2,9980744
12-Feb-16,171.8,173.1,173.2,169.6,10249425
15-Feb-16,175.7,178.5,179.7,174.7,10250754
16-Feb-16,180,178.2,180.6,175.4,7987143
17-Feb-16,178,181.5,182.7,177.61,11862900
18-Feb-16,184.4,186.7,188.7,183.31,18195288
19-Feb-16,185.7,184.9,187.28,182.34,6806227
22-Feb-16,184.9,184.9,187.2,184.2,4422087
23-Feb-16,184,182.1,184.2,180.7,7347578
24-Feb-16,181.1,183.8,184.4,180.8,10528347
25-Feb-16,185.3,186.8,188.2,183.9,5734949
26-Feb-16,187.8,187.9,189.5,186.92,8344417
29-Feb-16,196.5,199,200.7,194.4,24060554
01-Mar-16,199,203.1,205.2,198,15608370
02-Mar-16,203.5,205.3,205.6,202.7,13662129
03-Mar-16,205.6,206.7,208.9,204.8,11490761
04-Mar-16,207,209,209.6,207,8039348
07-Mar-16,208,209.4,210.2,206.3,10185676
08-Mar-16,207.1,202.5,207.85,201.1,14390395
09-Mar-16,201.8,202,203.5,199.8,19210008
10-Mar-16,199.9,192.9,203.3,190,23217976
11-Mar-16,191.4,198.8,199.2,191.4,12177886
14-Mar-16,199.1,199.5,202.1,195.3,9028575
15-Mar-16,200.7,199.4,201,198.3,9248656
16-Mar-16,200.1,200.1,201.3,198.2,8676966
17-Mar-16,201.6,203,204.4,199.9,14186314
18-Mar-16,202.5,201.2,204.2,198.7,54314488
21-Mar-16,200.4,200.2,203.8,197.4,8437916
22-Mar-16,200.3,202.8,203.2,198,12290560
23-Mar-16,202.1,203.5,203.5,200.6,9894041
24-Mar-16,201.2,200,202.1,199.2,6888187
29-Mar-16,201.2,198.4,202.8,197.7,7602907
30-Mar-16,199.4,202.1,202.6,198.7,12648327
31-Mar-16,202.2,198.7,202.2,198.3,10799025
01-Apr-16,197.4,199.9,199.9,195.3,8739788
04-Apr-16,200.1,201.1,203.4,198.8,6833937
05-Apr-16,200.1,200.2,200.5,197.7,10997056
06-Apr-16,200.2,203.1,203.1,198.6,9633693
07-Apr-16,203.2,201.6,203.64,201.3,10876806
08-Apr-16,201.8,201.4,203.1,200.7,6838708
11-Apr-16,200.9,201.3,202.1,199.9,5773801
12-Apr-16,201.6,201.2,201.67,199.3,6434577
13-Apr-16,202,197.2,202.23,196.3,13977355
14-Apr-16,197.6,195.7,198.3,194.8,11680122
15-Apr-16,195.9,194.8,196.9,193.9,13282007
18-Apr-16,193.4,193.9,195.3,192.3,7485071
19-Apr-16,193.5,193.8,195.4,193.1,13091445
20-Apr-16,194,191.9,194,191.7,8782507
21-Apr-16,191.5,191.2,192.5,190.4,7391132
22-Apr-16,189.5,191.3,193.8,189.2,13851654
25-Apr-16,191.8,190.6,192.9,189.4,11203301
26-Apr-16,191.4,189.9,191.94,189.7,6579422
27-Apr-16,189.3,189.3,190.4,187.2,8126650
28-Apr-16,189,192.8,193.1,188.4,9225730
29-Apr-16,190.9,191.1,192.7,190.5,9314206
03-May-16,192,190.9,192.8,189.2,12680083
04-May-16,187.9,187.5,188.6,182.92,21588796
05-May-16,189.1,192,196.9,183.97,24446846
06-May-16,191.2,191.2,192.22,190.16,8165059
09-May-16,191.8,190.9,192.7,189.9,7855880
10-May-16,191.5,191.3,193,190.6,8635580
11-May-16,190.5,189.4,191,189,6749502
12-May-16,185.7,186.7,189.2,184.2,8203457
13-May-16,185.9,189.7,190,185.22,6307914
16-May-16,188.3,190.5,190.6,188.13,4247989
17-May-16,189.9,189.3,195.24,188.8,8190555
18-May-16,188.7,188.9,189.5,187.5,5062589
19-May-16,188.9,188.4,189.1,185.8,7815440
20-May-16,190.2,193,193.2,189.4,14562880
23-May-16,193.1,192.1,193.1,190.3,4329955
24-May-16,192.2,196.2,197.6,191.1,13259541
25-May-16,197.7,196,197.7,194,6911168
26-May-16,196.5,196.8,198,195.5,8732986
27-May-16,196.3,198,198.8,196.04,7537840
31-May-16,198.2,198.2,199.1,197.2,7644983
01-Jun-16,197.6,196.5,197.7,195.16,7871211
02-Jun-16,196.3,196.4,198.7,195.7,7416462
03-Jun-16,197.4,188.9,197.6,186.5,14309759
06-Jun-16,188.7,189.2,190.1,188.2,11574914
07-Jun-16,189.5,188,190.1,187.3,9686366
08-Jun-16,186.8,188.6,190.2,185.8,12810258
09-Jun-16,188.8,186.5,189.1,186.49,6415885
10-Jun-16,186.6,183.8,186.6,183,8010507
13-Jun-16,182.9,180.9,183.9,180.5,8968784
14-Jun-16,179.7,174,180.9,173.6,15299755
15-Jun-16,175,176,180.13,175,12006189
16-Jun-16,174.2,175.1,176.7,173.8,9138513
17-Jun-16,176.4,177.3,179.4,175.1,14974202
20-Jun-16,180.9,185.8,186.8,179.4,11775383
21-Jun-16,185.4,187.3,188.33,184.3,10308682
22-Jun-16,188.7,188.4,191.8,186.8,53361224
23-Jun-16,190.3,189.6,192.6,188.5,8619280
24-Jun-16,180.7,182.9,184.9,168.5,26421206
27-Jun-16,179.9,174.6,179.9,172.5,14292222
28-Jun-16,177.7,177.8,180.9,177.5,12708226
29-Jun-16,179.7,182.8,185,178.8,12482598
30-Jun-16,182.2,187.4,187.7,180.2,16414355
01-Jul-16,188.9,189.2,190.5,187.3,10243184
04-Jul-16,190.1,188,190.5,187.2,5970192
05-Jul-16,187.8,185.8,188.6,184.51,7880520
06-Jul-16,182.9,172.4,182.9,172,16706338
07-Jul-16,174.2,174.3,176.4,173.03,10245277
08-Jul-16,174.1,178.4,180.4,172.6,9305820
11-Jul-16,179.7,179.7,180.14,175.8,8226352
12-Jul-16,179.5,182,184.4,179.1,7388861
13-Jul-16,181.2,183.6,185.7,173.43,11769448
14-Jul-16,185.4,184.1,188.3,184,7320383
15-Jul-16,183.8,181.5,183.8,179.7,7878617
18-Jul-16,181.3,180.6,182.9,180.2,5727642
19-Jul-16,180.5,180.5,180.7,177.3,6178779
20-Jul-16,181.1,181.2,181.5,179.7,5576297
21-Jul-16,180.9,178.1,181,177.6,8996460
22-Jul-16,177.4,179.9,181,176.1,4321625
25-Jul-16,179.9,183.8,183.9,179.51,8082389
26-Jul-16,184,181.6,184.29,181.6,5824838
27-Jul-16,182.6,187,188.04,182.11,8628181
28-Jul-16,187.8,184.3,187.9,184.2,7508844
29-Jul-16,184.5,185.8,186.3,183.1,7415203
01-Aug-16,186.4,181.5,186.4,178.9,16723274
02-Aug-16,181,179.1,181.7,179.1,8108304
03-Aug-16,179.8,180.1,180.7,177.6,7520751
04-Aug-16,181,184.4,185.1,180.2,9216169
05-Aug-16,185.5,184.9,186.7,184.37,6572900
08-Aug-16,185.2,188,188.4,184.7,6576888
09-Aug-16,188.9,191.5,192.8,188.6,9854408
10-Aug-16,191.4,191.3,191.9,189.8,6133512
11-Aug-16,191.1,189.9,191.6,188.4,6157096
12-Aug-16,189.6,192.6,194,189,9155578
15-Aug-16,193.3,190.9,193.3,190.57,8122457
16-Aug-16,189.8,189.6,191.44,188,17113416
17-Aug-16,189.2,187.5,190.3,187.4,13485160
18-Aug-16,189.7,192.2,193.4,188.6,10810653
19-Aug-16,192.8,195,195.1,190.77,9553210
22-Aug-16,194.4,196.8,197.31,193.8,16368649
23-Aug-16,196.6,198.2,200.5,195.4,22503324
24-Aug-16,197.3,198.6,200.1,196.8,9980812
25-Aug-16,198.4,198.7,199.6,197.8,6205976
26-Aug-16,197.6,198.2,199.94,197.21,7403321
30-Aug-16,197.3,197.3,200.9,197.1,9936880
31-Aug-16,193,197,197.8,192,15627211
01-Sep-16,197.6,195.5,199.1,192.4,13108411
02-Sep-16,196.5,197,197.7,194.96,16434977
05-Sep-16,197.3,198.9,199.62,195.81,9030640
06-Sep-16,198.9,198.1,199.9,197.4,12180314
07-Sep-16,198.6,200.2,200.8,197.5,18763868
08-Sep-16,200.1,199.9,200.4,197.32,10437435
09-Sep-16,199.4,192.5,200.6,191.94,15954052
12-Sep-16,190.5,193.4,195.7,188.6,16891564
13-Sep-16,193.5,192.5,195.3,191.7,14636559
14-Sep-16,193.2,193.6,194.39,191.7,10837669
15-Sep-16,203,208.1,211,202,63219524
16-Sep-16,209.7,211.6,214.6,203.55,34925352
19-Sep-16,214,215,217.1,213.4,21673548
20-Sep-16,216,214.8,216.4,212.9,14539197
21-Sep-16,216.2,217.6,218.8,214.63,13992348
22-Sep-16,218.1,217.8,219.9,215.8,9188559
23-Sep-16,218.1,218.4,218.9,216.5,10055586
26-Sep-16,218.1,216.4,218.19,215.72,8600136
27-Sep-16,217.5,218.6,219.08,215.4,11632703
28-Sep-16,218.1,220,220.7,217,14355464
29-Sep-16,218.6,218,219.86,216.6,11116852
30-Sep-16,215.3,217.9,218.1,213.82,14017517
03-Oct-16,218.2,219.7,220.9,217.2,18350360
04-Oct-16,219.5,220.6,222,218.3,14521391
05-Oct-16,222.4,223,227.1,220.41,25167584
06-Oct-16,223.5,221.3,223.7,220.1,13259611
07-Oct-16,222.5,217.7,222.6,217.4,16159063
10-Oct-16,218,218.6,219.28,216.3,9599727
11-Oct-16,218,217.3,219.7,216.9,8795594
12-Oct-16,217.5,219.1,219.2,216.8,12495574
13-Oct-16,217.5,219,219.1,215.4,12009339
14-Oct-16,219.8,220.2,222.4,219.5,13305579
17-Oct-16,219.1,221.4,221.6,218.9,9088611
18-Oct-16,222,222.7,223.3,219.2,17817848
19-Oct-16,222.4,229.2,229.2,221.3,17342716
20-Oct-16,229.5,229.8,230,227.9,25144324
21-Oct-16,229.7,229.3,230.04,227.5,17765426
24-Oct-16,230,229,230.3,227.6,8617745
25-Oct-16,230,228,230,227.3,17155308
26-Oct-16,228.5,227.5,229.1,227,15760429
27-Oct-16,226.9,226.4,228.8,225.5,38773912
28-Oct-16,225.5,226.1,226.5,222.8,11461694
31-Oct-16,225.6,226.5,228.24,224.2,15962520
01-Nov-16,221.9,223.7,225.3,221.1,22623752
02-Nov-16,224,221.3,224,219.99,21847672
03-Nov-16,221.6,223.4,227.6,220.8,25632840
04-Nov-16,222.5,219.3,227.5,218.1,20313592
07-Nov-16,220.8,219.4,222,218.5,12146833
08-Nov-16,220,218.7,220.84,217.7,11155200
09-Nov-16,213.5,218,218.8,212.1,14242336
10-Nov-16,218.5,211,219.7,210.2,20135956
11-Nov-16,211.5,212.8,213.1,210.6,11091351
14-Nov-16,214.1,212.6,214.37,210.9,12190801
15-Nov-16,214.5,221.9,223.81,212.17,24917016
16-Nov-16,222,218.5,225,217.5,14662608
17-Nov-16,218.1,218.4,220.1,217.9,7448899
18-Nov-16,219.4,218.3,225,217.2,6599899
21-Nov-16,219.1,218.1,220.05,216.3,5796990
22-Nov-16,220.1,219.9,221.5,219.2,10802973
23-Nov-16,221,219.6,221.6,218.7,8931253
24-Nov-16,221.2,218.6,221.4,217.4,5072854
25-Nov-16,218.9,219.2,219.5,215.8,5208648
28-Nov-16,219,217.9,219.4,216.7,7080253
29-Nov-16,218,220.2,222.1,217.2,9623035
30-Nov-16,219.8,217.5,222.6,217.4,13385902
01-Dec-16,216.6,214.1,216.9,212.9,11687733
02-Dec-16,212.9,216.5,218.5,212.7,9462236
05-Dec-16,215.4,219.6,220.3,214.91,8438757
06-Dec-16,219.5,217.9,219.7,216.9,9032278
07-Dec-16,219.5,225,225.04,219.2,15272096
08-Dec-16,224.9,225,225.9,221.7,11663679
09-Dec-16,225,224.9,226.1,224.1,13143001
12-Dec-16,224.7,225,226.9,222.6,12079529
13-Dec-16,224.3,226.4,228.3,223.5,17534360
14-Dec-16,225.9,227.9,229.6,225.7,12438125
15-Dec-16,228.5,228.8,229.1,226.7,9048701
16-Dec-16,228.8,226.8,229,226,11506144
19-Dec-16,227.6,227.5,229,226.7,6043308
20-Dec-16,227.6,227.9,228.32,226.5,7395888
21-Dec-16,227.8,228.7,229.82,227.5,13686098
22-Dec-16,228.7,229.9,230.02,227,12193538
23-Dec-16,230.4,229.7,230.4,227.6,4444620
28-Dec-16,229.6,229.3,230.1,227.5,5561014
29-Dec-16,228.2,230,230.1,228.1,5826064
30-Dec-16,230.5,230.7,230.82,228.8,3782562
03-Jan-17,232,230.8,232.5,228.5,8461947
04-Jan-17,230.9,231.9,232.3,229.7,10499815
05-Jan-17,232,233.1,234,230.92,18404856
06-Jan-17,233.1,236.3,236.3,233.1,20800228
09-Jan-17,233.9,237.4,238.25,233.7,17898542
10-Jan-17,242,246,249.4,238,44925544
11-Jan-17,247.7,239.5,250,239.5,23879972
12-Jan-17,239,239,240.16,236.4,16038181
13-Jan-17,240,241.9,242.3,239.4,12779117
16-Jan-17,241.5,240.9,241.78,238.97,9355977
17-Jan-17,240.8,238.3,240.9,237.6,9597237
18-Jan-17,239.4,238.9,239.4,235.7,11682470
19-Jan-17,239,241.1,241.1,238.7,12343552
20-Jan-17,241.1,240,241.6,239.23,12679247
23-Jan-17,239.6,240.3,240.75,237.6,9402249
24-Jan-17,241.5,239.2,242,238,9676700
25-Jan-17,240.3,236.8,240.4,236.6,12075830
26-Jan-17,237.3,236.3,238.3,232.6,10630539
27-Jan-17,237.6,238.1,240.1,235.8,19032584
30-Jan-17,238.5,237.4,238.85,235.4,8563315
31-Jan-17,237.9,236.1,239.4,236.05,12310614
01-Feb-17,238,239.6,241.6,236.6,10978040
02-Feb-17,238.6,237.5,239.6,235.7,13425044
03-Feb-17,237.8,240.5,241.5,236.6,15261447
06-Feb-17,240.1,239.4,241.4,238.7,11781064
07-Feb-17,239.4,243.6,244.6,239.2,19147442
08-Feb-17,243,246.4,246.9,242.4,17175354
09-Feb-17,246.1,247,247.5,245.58,10922009
10-Feb-17,247.5,247.5,248.8,246.38,9054627
13-Feb-17,247.4,247.8,248.52,246.4,5826515
14-Feb-17,247.5,247.1,248.2,246.2,7031240
15-Feb-17,247.8,248.8,249.6,246.6,10542628
16-Feb-17,248.2,249.3,249.4,246.2,15335979
17-Feb-17,249.5,248.9,250,247.2,9299234
20-Feb-17,248.8,249.3,249.54,247.3,7245222
21-Feb-17,249.5,245.2,250,244.4,11977835
22-Feb-17,244.7,247.9,248.6,244.6,9530003
23-Feb-17,247.6,248.4,250,247.5,13585723
24-Feb-17,247.9,244.5,250,243,12593309
27-Feb-17,245.5,243.8,246.3,243.1,10724277
28-Feb-17,243.6,242.6,244.6,240.9,12664751
01-Mar-17,243.8,244.4,245.5,241.83,11126679
02-Mar-17,243.1,244.2,244.5,242.1,9429958
03-Mar-17,244.8,243.6,246.8,241.5,12443879
06-Mar-17,244.9,247,247.4,244.1,14930293
07-Mar-17,246.4,245.5,248.3,243.7,11141997
08-Mar-17,244.4,247,249.92,243.1,12524589
09-Mar-17,240.1,230.8,241.8,229.1,39940508
10-Mar-17,231.7,234.2,235.6,231.1,17104828
13-Mar-17,233.5,233.1,235.23,231.6,10510777
14-Mar-17,233.7,235,235.3,232.7,9756655
15-Mar-17,234.7,239.6,240.4,234.31,17626212
16-Mar-17,240.2,235.5,240.3,234.95,14974529
17-Mar-17,234.7,238.4,238.9,234.1,12876798
20-Mar-17,237.4,237.5,239,235.8,8887012
21-Mar-17,237.3,236,238.5,235.6,8183642
22-Mar-17,236.5,232.3,236.5,230.7,13495350
23-Mar-17,232.6,234.5,234.9,232,5404170
24-Mar-17,235,235.8,237.2,233,5982496
27-Mar-17,235.4,236.8,237.1,233.7,6228665
28-Mar-17,237,235.4,237.7,233.8,7798257
29-Mar-17,235.6,237.2,238.2,234.3,6870240
30-Mar-17,246.5,242.3,247,235.65,15229546
31-Mar-17,242.7,240,242.7,238.4,9760746
03-Apr-17,239.9,237.7,239.9,236.9,8003089
04-Apr-17,237.6,230.9,238.35,230.6,12146524
05-Apr-17,232,232.3,233.4,230.6,9931462
06-Apr-17,230.5,230.7,232.4,229.3,7752181
07-Apr-17,230.6,234.2,235,230.3,7044328
10-Apr-17,232.9,234.6,235,232.5,5749608
11-Apr-17,233.9,236.1,236.9,233.9,8779621
12-Apr-17,234,232,235.3,230.6,11642111
13-Apr-17,232,234.4,235.7,231.72,10200797
18-Apr-17,234.4,228.1,234.9,228,10721898
19-Apr-17,228.2,233.4,235,228.2,10779781
20-Apr-17,233.8,231.9,234.9,231.9,7428164
21-Apr-17,231.4,231.3,232.7,230.3,10091348
24-Apr-17,235.5,231.4,237,231.4,9870304
25-Apr-17,231.2,233.3,235.4,228.1,9762966
26-Apr-17,233.9,234.8,237,233.01,6932757
27-Apr-17,233.8,234.4,235.4,232,7901333
28-Apr-17,234.8,239.9,241.2,234.56,15446363
02-May-17,241.2,242.4,244.1,240,12114684
03-May-17,241.5,239,243.6,238.9,12037851
04-May-17,243,234.4,243.6,233.2,13790509
05-May-17,234.4,239.1,239.4,234.4,9309886
08-May-17,239,239.4,240.7,237.6,6255024
09-May-17,239,241,242.7,239,8928165
10-May-17,239.4,242.3,242.9,238.06,8020923
11-May-17,242.3,242.1,243.3,240.7,10350651
12-May-17,241.9,242.3,243.7,240.94,5251573
15-May-17,242.4,241.9,242.5,239.7,7277748
16-May-17,242.3,243.9,244.5,241.5,7162403
17-May-17,243.9,242.2,246.2,240.2,8363332
18-May-17,242.6,242.1,243.3,240.4,10597479
19-May-17,242.9,242.5,243.12,239.4,8306999
22-May-17,241.4,245.2,246,240.5,7788045
23-May-17,245.8,245.1,246.4,243.5,6934961
24-May-17,245.6,245.6,247.1,243.8,9019196
25-May-17,243,245.4,246.3,241,12513937
26-May-17,245.1,247.4,247.8,244.2,8671167
30-May-17,247,247.6,248.4,246.1,8285251
31-May-17,248.2,246.2,248.4,244.98,13732761
01-Jun-17,247,247.1,248,246.2,5377521
02-Jun-17,248.3,247.1,248.3,246.1,5868867
05-Jun-17,246.5,244.1,247.31,243.4,7179424
06-Jun-17,243.8,243.6,244.7,240.7,8226286
07-Jun-17,243.4,244,248.1,242.89,9428766
08-Jun-17,244.5,243.5,245.4,242.7,7699181
09-Jun-17,242.7,244.3,245.34,241.2,7677493
12-Jun-17,243.4,243.8,244.6,241.8,5459362
13-Jun-17,244.7,244.4,245.1,243.6,5100929
14-Jun-17,244.2,244.7,246.4,244.2,5835675
15-Jun-17,244.6,239.9,244.7,238.99,8159642
16-Jun-17,240.6,242.6,243.6,232.26,32127182
19-Jun-17,240,244.5,245.5,240,9824771
20-Jun-17,244.8,247.5,250,244.6,14033714
21-Jun-17,247.3,247.7,248.4,245,12716039
22-Jun-17,247.4,241,247.4,240.3,12538919
23-Jun-17,241.3,240.7,241.3,235.6,6741071
26-Jun-17,241.7,240.8,242.1,240.2,4007236
27-Jun-17,240.6,241.2,242.6,240,4649909
28-Jun-17,241.4,241.9,244.2,240.9,6263580
29-Jun-17,242.8,239.5,244,239.2,11021090
30-Jun-17,238.4,241.2,241.9,237.3,12682996
03-Jul-17,240.9,237.6,242.4,236.8,13097398
04-Jul-17,237,236.7,238.7,235.9,4724458
05-Jul-17,237.3,240,241.2,237.3,6459494
06-Jul-17,239.5,240.4,240.7,237.6,6274246
07-Jul-17,240.5,241.1,241.3,238.2,6296301
10-Jul-17,242.1,242.8,243.4,241.8,7496041
11-Jul-17,247.1,243.6,249.2,242.6,8357142
12-Jul-17,243.7,244.4,245.9,243.7,6639342
13-Jul-17,244.7,245.9,248.3,244.7,7229254
14-Jul-17,247.2,246,247.7,243.7,7112862
17-Jul-17,246,247.6,249.3,245,6084685
18-Jul-17,247.6,247.2,248.8,245.7,8304436
19-Jul-17,248.4,248.4,250.2,246.5,8451293
20-Jul-17,248.7,249.5,251.1,248.1,5446908
21-Jul-17,249.2,249.3,251,247.7,6418764
24-Jul-17,249.1,246.6,251.9,244.9,12928280
25-Jul-17,247.6,241.2,247.6,239.5,13626190
26-Jul-17,242.2,243.6,243.9,240.8,6401548
27-Jul-17,242.9,244.3,244.3,240.7,5931517
28-Jul-17,243.6,240.6,244.1,239.8,6282200
31-Jul-17,239.9,240.4,242,238.9,6553647
01-Aug-17,243.2,242.7,243.3,241.5,5819797
02-Aug-17,245.8,245.2,247.7,243.6,8818649
03-Aug-17,245.7,248.2,249.6,244,7579423
04-Aug-17,248.5,249.8,250.7,247,6464867
07-Aug-17,250.1,250.2,250.6,247.7,4593672
08-Aug-17,250.5,249.4,250.5,248.2,4421924
09-Aug-17,248.6,249.5,249.5,247.3,3726717
10-Aug-17,249.5,246.4,249.5,245.2,4505551
11-Aug-17,246.4,247,247.5,243.6,5400152
14-Aug-17,247.5,245.8,247.9,244.9,5366644
15-Aug-17,246.4,247.4,248.4,244.7,5398132
16-Aug-17,248.1,249.1,250.3,247.9,4281221
17-Aug-17,249,246.3,250.1,245.3,8343193
18-Aug-17,245.6,243.6,245.6,241.8,9222666
21-Aug-17,242,244.7,245.2,241.1,6002389
22-Aug-17,245.5,249.1,249.4,244.8,7100006
23-Aug-17,248.8,252.9,253.4,248.7,10155319
24-Aug-17,253.7,252.3,254.4,251.7,5775404
25-Aug-17,252.3,251.4,252.3,248.7,4410990
29-Aug-17,251.2,242.1,251.2,242,12379631
30-Aug-17,243.1,245.2,246.7,242.1,6654701
31-Aug-17,245.9,246,246.5,242.2,9311313
01-Sep-17,246.4,245.4,247.7,245,5491904
04-Sep-17,244,246,247.2,244,3402599
05-Sep-17,245.2,244.9,247,244.4,4388320
06-Sep-17,244.5,246.3,247.5,243.5,4653111
07-Sep-17,246.5,247.9,248.5,244.9,3865888
08-Sep-17,247.8,248.3,248.8,246.3,4165957
11-Sep-17,249,246.9,250.3,246.1,4784120
12-Sep-17,246.6,243.7,248,243.1,7464408
13-Sep-17,243.5,245,246.2,240.3,6769085
14-Sep-17,243,232.4,244,227.2,25125848
15-Sep-17,232.7,231.2,235.6,230.7,19443540
18-Sep-17,232.8,231.1,234,228.4,9487724
19-Sep-17,230.4,235.7,236.6,227.9,10901984
20-Sep-17,236.2,236,236.4,234.3,11262202
21-Sep-17,235.9,234.3,237.1,232.4,12051359
22-Sep-17,234.2,234.7,235.4,232.8,8197384
25-Sep-17,234.4,234,235,232.4,5455511
26-Sep-17,233.6,234.4,235.6,233.2,6740420
27-Sep-17,235,234.8,235.7,233.8,6768700
28-Sep-17,232.4,234.3,234.3,232.4,6975068
29-Sep-17,234.1,234.1,236.9,233.7,7155784
02-Oct-17,234.1,235.8,236,234.1,6645640
03-Oct-17,233.8,236.6,239.1,233,14861109
