Date,Open,Close,High ,Low,Volume
04-Oct-13,389.1,389.8,391.3,388.7,2670174
07-Oct-13,388.7,387.7,392.46,386.6,2303385
08-Oct-13,388.2,384.3,388.2,384.3,2710696
09-Oct-13,384.1,384.2,385.56,382.6,2441376
10-Oct-13,385.6,388.7,391,384.8,3040867
11-Oct-13,389.5,388.5,390.7,387.5,2047543
14-Oct-13,388.8,390,392.1,386.5,2241684
15-Oct-13,392.5,395.3,397.2,392.5,3679585
16-Oct-13,395.9,397.6,399.7,393.3,2765517
17-Oct-13,398.2,396.5,399.6,396.2,3530850
18-Oct-13,397,395,398.59,394.5,5195397
21-Oct-13,396.8,397.3,399.91,395,5295999
22-Oct-13,398.7,398.5,400.9,395.1,2900699
23-Oct-13,399.1,396.5,400.5,392.4,5084900
24-Oct-13,395.7,396.1,398.2,393.9,2701995
25-Oct-13,395.9,396.8,398,394.97,2476603
28-Oct-13,397.4,398.8,399.5,395.54,1981149
29-Oct-13,399.8,398,400.8,397.7,2874422
30-Oct-13,399.9,400.1,400.6,397.9,3684635
31-Oct-13,401.8,394.5,401.8,393.3,4030210
01-Nov-13,395.7,393.9,400.9,392.9,3123568
04-Nov-13,394,395.2,396.7,393.3,2630119
05-Nov-13,396.3,395.7,396.72,393.1,2330091
06-Nov-13,397.1,397,398.43,394.55,2791980
07-Nov-13,397,394.2,399.1,392.46,3651622
08-Nov-13,393.1,395,396.4,392.08,3275847
11-Nov-13,396.7,394,396.7,392.76,2115616
12-Nov-13,394.7,398.8,398.8,394,4450850
13-Nov-13,404.4,410.7,416.7,398.8,12569732
14-Nov-13,417.9,414.6,428,410.7,19757062
15-Nov-13,416.1,409,417.5,407.8,7850147
18-Nov-13,409.1,411.5,414.2,405.8,5175758
19-Nov-13,410.4,411.7,411.7,406.5,4614929
20-Nov-13,406.4,404.8,409.39,401.4,4319010
21-Nov-13,404,404.8,405.69,402.17,2500962
22-Nov-13,404.9,404.6,407.4,403.8,2147377
25-Nov-13,407.9,408.9,413.5,404.6,2997436
26-Nov-13,408.7,405.8,409.4,404.07,4954646
27-Nov-13,405.8,406,411.5,402.7,2734316
28-Nov-13,406.7,407.8,408.8,404.07,2048382
29-Nov-13,408.7,407.4,410.7,406.6,2627164
02-Dec-13,406.7,396.8,407.4,393.3,6864109
03-Dec-13,392.7,395.9,398.54,392.7,5452532
04-Dec-13,397.9,393,399.9,391.1,5602575
05-Dec-13,392.3,389.9,400,387.2,7070565
06-Dec-13,391.2,388.9,392.2,387.2,3534614
09-Dec-13,390.1,386.1,400,384.2,4015117
10-Dec-13,386.9,385.7,392.7,384.1,5318592
11-Dec-13,385.4,388,389,383.59,4235865
12-Dec-13,388.9,386.9,392.4,386.1,6908213
13-Dec-13,388.2,389.1,390.43,387.6,3697820
16-Dec-13,389.9,395.5,395.5,389.1,4392465
17-Dec-13,396.6,378.6,400,376.7,12216080
18-Dec-13,379.2,365.1,380.27,364.23,14831740
19-Dec-13,368.4,366,370,358.77,10930742
20-Dec-13,368.2,370.1,371.8,364.2,10492829
23-Dec-13,370.7,372.6,372.9,369.5,3667944
24-Dec-13,372.9,371.8,390.2,371,1185795
27-Dec-13,375.2,378.4,378.4,372.5,3167541
30-Dec-13,378.1,371.1,379.22,369.3,5085466
31-Dec-13,373.5,365,373.5,365,2714221
02-Jan-14,366.2,367.4,370.86,363.6,7019903
03-Jan-14,370.6,374,375.16,367.4,6528629
06-Jan-14,374.8,367.8,374.91,367.5,5445630
07-Jan-14,365,368.9,368.9,360.47,10359543
08-Jan-14,380,360,383.3,357.6,21968428
09-Jan-14,355,351.4,360,349.7,16388691
10-Jan-14,353.4,346,355.3,345.4,11624113
13-Jan-14,348.4,351.2,353.5,347.25,8910674
14-Jan-14,350.5,360.5,361.3,348.71,12356960
15-Jan-14,362,356.2,362.6,356.2,9046402
16-Jan-14,356.4,361.1,362.49,355.5,11160654
17-Jan-14,368,368.6,371.5,361.1,17212604
20-Jan-14,368.8,366,369.97,363.87,4638187
21-Jan-14,367,366,372.79,364.1,9559148
22-Jan-14,367.1,365.1,369,364.21,3851387
23-Jan-14,364.5,358.8,367.35,355.6,10138392
24-Jan-14,359.5,362.1,364.1,356.2,10951639
27-Jan-14,362.5,357.4,367.4,356.7,6877029
28-Jan-14,359,356.7,360.4,355.2,3891972
29-Jan-14,359.7,348.5,361.2,335.9,25252160
30-Jan-14,347.9,349.7,351.36,345,8856482
31-Jan-14,349.5,344.9,351.3,341.8,7900499
03-Feb-14,344.4,345.5,349.1,342.6,5882696
04-Feb-14,350.2,347.3,354.5,345.5,8782647
05-Feb-14,347.4,349.3,354.6,346.23,6271638
06-Feb-14,352.3,353.6,354.4,348.5,11121388
07-Feb-14,354.4,351.1,355.5,349.9,3978843
10-Feb-14,352.5,356.2,357.8,352.3,5110789
11-Feb-14,356.7,348.9,360.3,345.8,13889658
12-Feb-14,353.3,350.8,357.2,348.9,12119179
13-Feb-14,350.8,352,352.6,346.4,6333835
14-Feb-14,352.7,345.2,353,344.6,10174506
17-Feb-14,345.8,345.2,346.54,341.3,6898223
18-Feb-14,346.6,345,347.01,342.5,7152004
19-Feb-14,345.7,348.1,354.4,342,12829241
20-Feb-14,348,350.8,354.02,345.6,9037191
21-Feb-14,353.3,350.1,353.3,348.92,7824803
24-Feb-14,350.2,347.8,351,345.8,7409015
25-Feb-14,349.1,350.1,350.15,345.2,8641631
26-Feb-14,350.3,345.5,353.2,341.1,9327004
27-Feb-14,346,347.7,349.14,342.67,6415271
28-Feb-14,348.5,342.6,350.3,341.8,9048553
03-Mar-14,338.9,337.2,342.6,335.7,10374477
04-Mar-14,338.5,344.6,345.1,337.2,5549330
05-Mar-14,345.1,345.9,346.5,341.4,4811838
06-Mar-14,347.2,344.3,347.7,344.3,4292230
07-Mar-14,344.2,339,344.97,339,9364405
10-Mar-14,339.3,337.6,342.4,337.3,6684268
11-Mar-14,337.4,333.8,338.51,332.6,13698385
12-Mar-14,333.6,333.2,336.7,329.6,7339594
13-Mar-14,318,304.9,319.6,304.6,52868352
14-Mar-14,303.3,313.6,314.91,301.7,23121036
17-Mar-14,314,311.4,314,307.5,12637330
18-Mar-14,306,313.9,321.4,305.8,18461780
19-Mar-14,312.4,310.5,314.6,308.9,13384937
20-Mar-14,308.2,306.9,310.5,305.2,10790744
21-Mar-14,306.7,309.5,310.3,303.51,24411296
24-Mar-14,311.7,310.4,313.4,307.8,11674933
25-Mar-14,313.9,310.3,314,306.9,11714293
26-Mar-14,310.3,312.9,315.2,309.5,8275893
27-Mar-14,312.8,313.5,315.2,309.7,7204562
28-Mar-14,314.3,317.1,317.9,313.5,7504393
31-Mar-14,318.4,316.1,318.4,315.5,6648259
01-Apr-14,316.2,309.5,316.3,308.7,9658498
02-Apr-14,311.3,313,313.73,307.41,7141519
03-Apr-14,315,309.1,315.1,308.7,7591772
04-Apr-14,310.1,311,312.3,308.88,9515331
07-Apr-14,309.8,310,312,308.87,6989139
08-Apr-14,309.9,308.5,311.8,301.5,15704627
09-Apr-14,309.2,312,312.9,308.5,8036688
10-Apr-14,313.5,309.6,313.6,307,7156500
11-Apr-14,308.4,309.6,312.3,307.2,4234505
14-Apr-14,309.2,326.5,326.5,308,11893234
15-Apr-14,326.5,319.4,328.2,318.6,11721011
16-Apr-14,324.1,320.6,324.4,316.8,9063003
17-Apr-14,322.3,314,322.3,311.1,7775366
22-Apr-14,316.7,320.5,321.5,315.81,5072908
23-Apr-14,320.1,319.8,321,316.9,5837610
24-Apr-14,321.9,323.7,325.3,319.8,6770945
25-Apr-14,323.8,322.1,325.2,320,4461489
28-Apr-14,323.5,330.5,334,321.3,8461614
29-Apr-14,330.5,333.2,334,329.56,6654768
30-Apr-14,331.5,335.7,335.7,328.7,7847555
01-May-14,332,325.1,332.1,320.6,8534463
02-May-14,324.2,321.3,327.3,320.11,8850222
06-May-14,323.1,333.4,334.5,320.73,10602657
07-May-14,340,323.9,345,322.1,17905440
08-May-14,325.5,331.2,332.2,320.3,11784893
09-May-14,332.3,335.8,336.7,329.97,6331712
12-May-14,337,336,337.4,332.4,5645086
13-May-14,337.9,339,341.34,336,10425265
14-May-14,327.8,327.7,328.85,323.8,7831731
15-May-14,328.9,332.8,333.5,326.43,7592815
16-May-14,331.4,347.7,348.5,329.5,18070054
19-May-14,349,345,349,337.4,8262332
20-May-14,345.5,339.5,345.5,337,8577776
21-May-14,339.7,337.7,339.9,334.7,7010265
22-May-14,339,342.5,343.4,337.1,7717594
23-May-14,343.6,343.7,346.3,339.9,5548276
27-May-14,345.9,339,345.9,338.5,5958116
28-May-14,339.4,335.5,339.4,331,12278993
29-May-14,335.7,340.6,341.8,334.08,3922340
30-May-14,341.6,346.1,348.6,337,10557136
02-Jun-14,346.7,339.1,346.7,336.5,6131767
03-Jun-14,338.9,333.8,339.4,331.6,6649808
04-Jun-14,336.3,327.6,336.9,325.3,11291543
05-Jun-14,327.4,327.5,328.6,324.16,6616353
06-Jun-14,328.8,326.1,329.5,324.4,7139169
09-Jun-14,327.2,328.6,329.6,323.9,4056223
10-Jun-14,328.4,329.8,330.1,324.7,6015329
11-Jun-14,330.1,333,344.9,329.3,13372428
12-Jun-14,333,325.7,333.1,325.3,6475744
13-Jun-14,325.8,322.8,327,320.3,6800885
16-Jun-14,322.8,317.7,323.5,316.7,14524707
17-Jun-14,318.6,321.9,323.1,317.7,6653233
18-Jun-14,323.4,317.1,326,316.98,5284695
19-Jun-14,319.3,321.3,331.84,317.1,7167408
20-Jun-14,321,316.8,321.9,316.3,8310121
23-Jun-14,318.3,315.3,318.4,313.07,4818923
24-Jun-14,316.3,315.9,319.8,314.3,4664937
25-Jun-14,315.5,312.7,317.2,311.6,5412828
26-Jun-14,314.5,313.5,314.84,310.7,4481507
27-Jun-14,314.6,316.7,317.4,313.5,4975372
30-Jun-14,317.3,315.5,319,314.9,5223576
01-Jul-14,316.3,314.1,316.9,311.4,5728274
02-Jul-14,315.1,314.3,316.3,313,4635090
03-Jul-14,315.2,321,321.7,313.81,10075005
04-Jul-14,322,321.6,322.4,319.5,3155392
07-Jul-14,320.9,317.1,322.6,316.5,3548302
08-Jul-14,318.4,309,320,307.4,9622438
09-Jul-14,309.7,309.2,311.14,307,5841087
10-Jul-14,309.3,314.9,321.5,308.6,17881824
11-Jul-14,315.8,315.1,319.5,311.9,8021663
14-Jul-14,315.9,320,320.73,315.1,5434747
15-Jul-14,319.4,319.5,321.5,317.6,4424344
16-Jul-14,320.6,325.6,327.7,320.6,6272529
17-Jul-14,325.3,325.7,327.8,323.1,5021942
18-Jul-14,325.2,324.7,326.73,322.6,6090837
21-Jul-14,320,318.3,324.7,317.64,7299654
22-Jul-14,320.9,313.8,321.3,313.4,6454226
23-Jul-14,314.4,313,316.5,311.3,6854420
24-Jul-14,313,317,318.6,310.7,9339416
25-Jul-14,319,320.2,332.4,318.8,13667380
28-Jul-14,321.9,319.8,323.16,318.1,4395973
29-Jul-14,320.4,323.3,324.49,319.79,4329502
30-Jul-14,322.1,313.8,322.33,311.2,7524204
31-Jul-14,314.9,312.9,315.18,311.5,12155850
01-Aug-14,313.4,310.9,315,310.3,6020435
04-Aug-14,312,307.8,312.84,306.8,5701084
05-Aug-14,309.1,307.3,310.9,306.9,4883705
06-Aug-14,306.5,303.5,307.64,298.18,9902561
07-Aug-14,302.9,298.9,304.5,297.7,7981989
08-Aug-14,296.1,302.4,302.91,291.88,10492643
11-Aug-14,303.5,302.9,303.97,302.1,4698430
12-Aug-14,303,301,303.8,300.4,3855640
13-Aug-14,302.9,303.3,304.02,301.83,3573843
14-Aug-14,303.6,308.2,308.2,300.34,5611340
15-Aug-14,309,311.7,312.7,308.3,7196967
18-Aug-14,313.6,312.4,314.3,309.9,3802573
19-Aug-14,314.6,311.9,314.64,308.8,3925932
20-Aug-14,312.4,306.9,312.4,305.4,4905256
21-Aug-14,307.6,307.1,310.01,305.9,4118005
22-Aug-14,307,306.5,309,304.7,3937756
26-Aug-14,309.1,312.3,312.5,306.1,5933007
27-Aug-14,313,304.2,313.7,303.3,8923336
28-Aug-14,304.2,303.5,305.29,300.81,6817312
29-Aug-14,290,290.3,297,284.6,28981840
01-Sep-14,290.7,289.5,290.9,285.3,9105490
02-Sep-14,290.8,294.7,295.14,289.68,6967053
03-Sep-14,299.9,296.8,299.9,294.5,6996528
04-Sep-14,296.2,295.2,297.22,293,6068065
05-Sep-14,297.1,292,297.1,290.8,6271435
08-Sep-14,292.5,291.6,292.5,287.8,5199410
09-Sep-14,293,293.3,295.1,291.3,4971418
10-Sep-14,294.3,289.1,294.3,287.4,8250566
11-Sep-14,291.7,285.3,292.3,283.9,9374782
12-Sep-14,287.1,287.1,293,209.5,10755062
15-Sep-14,287,284.2,287,282.5,5426316
16-Sep-14,284,282,284.9,281.2,4911526
17-Sep-14,283.5,283.2,285.3,281.5,5047554
18-Sep-14,283.7,280.9,283.76,276.98,6328749
19-Sep-14,288.7,284.3,288.7,280.95,11278123
22-Sep-14,280,278.8,281.7,274.4,14920044
23-Sep-14,278,263.8,278.6,259.4,24546390
24-Sep-14,263,260.6,263.4,258.1,21443352
25-Sep-14,260,258,260.5,254.3,24066608
26-Sep-14,257.2,250.1,258,249.9,14627506
29-Sep-14,250,247.3,252.48,243.4,13859683
30-Sep-14,247.6,251.5,251.7,247.6,15987211
01-Oct-14,255.1,234,256,233.8,39678688
02-Oct-14,232.2,224.8,238.5,224.5,27517180
03-Oct-14,227,227.4,231.2,223.6,21047042
06-Oct-14,229.6,231.1,232.1,228,8804736
07-Oct-14,231,230.2,234.77,229.4,12455488
08-Oct-14,230.8,226.7,235.6,226.5,11762346
09-Oct-14,229.8,230.2,232.7,228.1,9693134
10-Oct-14,228.5,228.8,232.56,225.24,13085179
13-Oct-14,227.5,228.7,231.4,227.5,9478875
14-Oct-14,226.8,227.7,228.7,223.33,8017366
15-Oct-14,231.4,225.4,231.4,223.63,11575534
16-Oct-14,227.2,233,233.7,223.4,17247852
17-Oct-14,234.7,244.8,245.79,232.2,18675204
20-Oct-14,245.8,242.7,246.2,237.9,10733415
21-Oct-14,243.2,250,250.3,241.2,12117178
22-Oct-14,250,241.6,250,240.9,9826904
23-Oct-14,242.3,237.2,242.42,232.1,14833893
24-Oct-14,237.3,238.2,238.9,233.4,6040944
27-Oct-14,240.8,240.4,241.1,237,6132782
28-Oct-14,242,245.3,245.8,241.88,7205321
29-Oct-14,247.1,250.6,250.9,244.8,10949151
30-Oct-14,253.5,246.5,253.5,244.7,10666238
31-Oct-14,249.6,245.5,250.5,244.6,10408117
03-Nov-14,244.9,244.6,247.7,244.2,7295661
04-Nov-14,244.1,241.8,247.28,240.5,8275079
05-Nov-14,244.1,247.3,248.4,241.7,8387771
06-Nov-14,247.1,262.2,265.4,246.4,18854462
07-Nov-14,264.1,261.6,275.9,261.1,18876752
10-Nov-14,263,254.7,263,253.5,15488194
11-Nov-14,257.5,269.1,270,255.55,12497871
12-Nov-14,276,266.1,282.4,251.7,29860800
13-Nov-14,266.9,265.1,271.05,261.9,11466680
14-Nov-14,264.6,270.1,273.4,260.4,15760743
17-Nov-14,268,265.7,268.9,263,7914793
18-Nov-14,267.3,265.6,269.14,263.7,9122967
19-Nov-14,267.1,262.6,267.8,261.3,8288530
20-Nov-14,261.4,258.1,261.4,255.3,6553602
21-Nov-14,259.7,259.7,262,258.2,7143879
24-Nov-14,260.3,252.3,260.8,251.8,7447667
25-Nov-14,253.1,241.4,253.8,240.8,15603185
26-Nov-14,242,239,244.9,238.2,10950548
27-Nov-14,239.7,233.9,239.9,233.62,10268004
28-Nov-14,234.6,233.4,235.1,226.1,10826681
01-Dec-14,229.9,231.8,236.1,229.6,10769616
02-Dec-14,232.5,241.2,244.53,232.08,11203087
03-Dec-14,242.3,240.5,246.1,239,10302540
04-Dec-14,241,233.4,241.8,233.2,7767248
05-Dec-14,235.5,238.3,239.2,234.7,7419655
08-Dec-14,243,235.8,247.1,233.5,9163730
09-Dec-14,226.3,231.6,236.4,222.9,20853438
10-Dec-14,231,226.4,233,226.01,9355914
11-Dec-14,226.5,226.3,229.9,224.62,7357678
12-Dec-14,224.4,227.5,228.44,221.1,10794329
15-Dec-14,226.7,229.3,234.12,224.7,11949611
16-Dec-14,229.5,229.4,231.4,224.89,12089251
17-Dec-14,226.6,229.6,230.6,225.3,9738097
18-Dec-14,233.4,235,235.54,231.1,10599152
19-Dec-14,237.3,239.8,240.58,232.2,14103255
22-Dec-14,242.3,239.6,242.9,238.1,6021025
23-Dec-14,240,244.1,244.9,238.1,5302090
24-Dec-14,246.6,244.7,246.76,243.4,1605433
29-Dec-14,245.3,246,246.41,242.2,5358093
30-Dec-14,245.9,244.6,247.3,242.7,4755293
31-Dec-14,242,246.7,246.7,241.4,2176609
02-Jan-15,245.4,243.4,246.3,241.9,6128266
05-Jan-15,241.4,233.5,245,232.7,9609478
06-Jan-15,237.6,234.6,237.6,228.5,9314969
07-Jan-15,242,229.6,246,227.8,23205216
08-Jan-15,235,252.4,256.1,233.5,34260888
09-Jan-15,250,241.8,250,240.4,15273748
12-Jan-15,243,240.3,243.5,236.7,7630345
13-Jan-15,242.1,249,252,241.7,10368939
14-Jan-15,246.9,243.1,249.2,240.33,8557413
15-Jan-15,245.3,255.3,255.7,244.3,11504776
16-Jan-15,257.1,256.8,259.6,253.1,7839111
19-Jan-15,258.3,257.5,263.6,256.8,6869003
20-Jan-15,260.6,256.7,263,250.26,7781746
21-Jan-15,258.9,264,264.06,255.7,8973712
22-Jan-15,264,269.6,271.15,261.24,15723885
23-Jan-15,271.2,267.9,271.4,266.16,7274542
26-Jan-15,267.9,268.4,269.5,264.66,9778451
27-Jan-15,267.1,270.3,272.2,260.72,8658726
28-Jan-15,272.4,262.9,273.5,258.33,10080142
29-Jan-15,262,263.8,264,257.1,5871694
30-Jan-15,265,255.4,266.2,254.3,12329008
02-Feb-15,264.7,267.3,267.3,260.7,12354554
03-Feb-15,268.9,272.6,273.3,267.3,8938676
04-Feb-15,272.2,266.7,274.8,266.2,10235690
05-Feb-15,265.6,269.4,269.5,262,8680179
06-Feb-15,269.3,269.8,270.8,266.9,6307509
09-Feb-15,267,267.8,268.7,264.5,6012461
10-Feb-15,269,265.2,269.3,262.72,14601328
11-Feb-15,265.1,264.5,267.25,263.8,4903576
12-Feb-15,263.6,263,266.4,261.5,7702144
13-Feb-15,264.9,266.8,267.5,262.8,6227927
16-Feb-15,266.2,267.2,267.88,264.7,4891925
17-Feb-15,268,270.4,270.9,266.85,12110078
18-Feb-15,271.7,270.3,272.6,266.8,4958308
19-Feb-15,270.1,269.1,270.9,267.5,4893462
20-Feb-15,267.6,271.6,271.86,267.35,5016120
23-Feb-15,272.6,270.3,273.2,266.4,4134393
24-Feb-15,271.6,270,271.6,266.85,3554964
25-Feb-15,270,271.7,272.82,268.4,6261721
26-Feb-15,272,275.1,275.8,270.9,6614019
27-Feb-15,275.7,271.9,276.3,270.7,5905313
02-Mar-15,272,272,273.3,267.1,8450051
03-Mar-15,272,273.7,278.4,270.6,6855805
04-Mar-15,274.1,272,275.2,270.89,4934265
05-Mar-15,274.3,276.5,277.3,272,12416812
06-Mar-15,277.3,276.6,280.4,275.9,8004103
09-Mar-15,276.2,275.5,277.9,274.4,7200867
10-Mar-15,275,265.9,276.55,265.4,12214533
11-Mar-15,266.1,264.5,266.3,259.6,11650253
12-Mar-15,265.8,263.7,271,262.9,9272648
13-Mar-15,264,259.1,266.3,256.9,9050811
16-Mar-15,259.8,268.6,270.7,255.4,13254478
17-Mar-15,275,266.4,275.5,264.7,18474896
18-Mar-15,266.7,270.6,271,263.1,8288101
19-Mar-15,271,270,273.6,269.3,7083924
20-Mar-15,270.7,272.1,272.6,268.3,19322478
23-Mar-15,272.4,272.9,273.8,270.3,6980534
24-Mar-15,273.1,272.4,273.8,270.72,4784207
25-Mar-15,272.8,268.2,272.8,267.5,5512620
26-Mar-15,266.4,264.4,267.7,263.1,7876817
27-Mar-15,265.6,262.5,265.6,258.9,5750606
30-Mar-15,264.7,261.8,265.5,261.4,5224026
31-Mar-15,262.2,259.2,265.1,259,8413335
01-Apr-15,257.4,258.1,260,253.8,8248076
02-Apr-15,258.3,260.4,261.4,256.9,5633516
07-Apr-15,260.8,269.4,271.3,260.8,8588409
08-Apr-15,268.4,270.7,274.6,267.9,9787616
09-Apr-15,271.7,273.9,274.9,270.9,6874750
10-Apr-15,275,277.4,277.8,272.7,5839478
13-Apr-15,277.1,274.9,278.3,272.9,5334511
14-Apr-15,274,275,277.4,271.7,5057551
15-Apr-15,275.7,284.7,288.4,274.6,11570813
16-Apr-15,286,277.9,286,276.3,10534865
17-Apr-15,278,275.2,280.01,273.9,6366855
20-Apr-15,275.3,274.6,278.3,272.8,5196897
21-Apr-15,275.1,273.2,277.6,271.6,5282686
22-Apr-15,271.5,263,273.2,261.73,18165116
23-Apr-15,262.9,267,267.7,261.1,10047624
24-Apr-15,267,268.1,268.7,264.4,6436836
27-Apr-15,267.7,266,269.59,261.8,7227464
28-Apr-15,266.6,266.1,267.9,263.4,5302776
29-Apr-15,267.8,268.3,271.3,263.6,7271675
30-Apr-15,272.6,272.1,272.6,267.4,9456586
01-May-15,274.1,271.7,274.1,269.5,4090294
05-May-15,270,275,276.4,269.9,11131437
06-May-15,279,266.3,279,259.6,22416880
07-May-15,266.7,267,268.8,263.8,8385129
08-May-15,271.2,278,279.6,270.18,16752226
11-May-15,279,281.5,285.99,276.5,8753714
12-May-15,281.2,279,283,275.5,8506933
13-May-15,279.4,275.5,279.6,273.9,10861324
14-May-15,267.2,269.2,271.3,264.6,8945093
15-May-15,269.3,265.9,269.9,264.5,9205254
18-May-15,266,266.2,269.8,263.3,5936184
19-May-15,266.2,264.6,267.4,263.47,5925488
20-May-15,266.1,262,266.1,261.5,7136440
21-May-15,262,260.7,264.93,260.2,5235681
22-May-15,260.7,261.3,262.63,259.67,5408592
26-May-15,260.6,256.3,261.4,254.8,7080032
27-May-15,256.5,255.7,257.4,254.7,7335479
28-May-15,254.9,257.2,258.6,254.3,7797855
29-May-15,257.6,251.6,260.6,251.4,11532901
01-Jun-15,252,248,253.8,247.7,9033036
02-Jun-15,248.3,245.1,248.68,241.6,11002547
03-Jun-15,245.6,249.8,251.6,245.1,9437586
04-Jun-15,249,250.3,254.04,246.9,8750087
05-Jun-15,250,247.2,250,246.8,8645847
08-Jun-15,247.3,247.3,249.03,244.6,5899067
09-Jun-15,249.4,249,250.3,245.6,8892343
10-Jun-15,249.9,260.3,262.6,248.71,20877156
11-Jun-15,266.7,264,267.7,260,11339901
12-Jun-15,262.9,261.8,265,257.96,7354717
15-Jun-15,262.1,259.2,263,256.61,7173998
16-Jun-15,259.5,260.6,261.5,257.4,5460930
17-Jun-15,259.7,259.9,261.8,256.66,5864576
18-Jun-15,260.7,261.3,264.1,259.3,6994987
19-Jun-15,261.5,262.9,267.4,260.54,11040116
22-Jun-15,267.6,265.7,268,261.99,5209862
23-Jun-15,267,269.2,271.09,263.85,8058709
24-Jun-15,274.2,275.5,277.63,263.93,15893194
25-Jun-15,275,274.4,277.5,273.2,7733401
26-Jun-15,277.9,276.3,281.7,275.87,11304582
29-Jun-15,269,274.2,277,269,9390181
30-Jun-15,272.3,265.3,272.5,264.8,13364704
01-Jul-15,266.9,265.3,266.9,262.3,7624604
02-Jul-15,266.6,266.4,267.4,264,4819781
03-Jul-15,266.5,263.3,266.9,260.8,3139746
06-Jul-15,260.2,263.1,267,260.19,6064575
07-Jul-15,264.6,257.4,264.8,256.1,7254152
08-Jul-15,258.6,254.5,261.1,252.97,10296504
09-Jul-15,254.8,253.5,256.4,249.7,12926976
10-Jul-15,256.2,258.8,259.4,254.5,11476582
13-Jul-15,261.2,263.1,264.5,259.41,6383778
14-Jul-15,264.1,267.7,268,263.4,8363970
15-Jul-15,269.1,266.6,269.1,264.47,6290919
16-Jul-15,268.4,267.9,268.7,265.1,5489546
17-Jul-15,268.4,266.6,268.9,265.6,3816437
20-Jul-15,267.3,272.3,272.7,265.6,8312854
21-Jul-15,273.5,275.7,277.3,271.5,9041564
22-Jul-15,273.8,272.6,275.9,271.37,6267761
23-Jul-15,271,266.6,274.2,263.1,18394230
24-Jul-15,265.1,262.5,266.4,262.2,9530549
27-Jul-15,261,260,261.8,258.3,8018808
28-Jul-15,260.7,259.3,262.6,258.3,7652115
29-Jul-15,259.3,261.6,262.6,259.3,8570073
30-Jul-15,262,260.8,263.34,259.8,5344601
31-Jul-15,261.9,264.9,264.9,259.1,10431312
03-Aug-15,263.7,263.4,264.9,260.5,5748258
04-Aug-15,263,261.9,264.1,261,4840079
05-Aug-15,262,264.7,267.3,261.7,6657431
06-Aug-15,263.5,266.6,267.8,262.4,5127766
07-Aug-15,265.8,267.7,268.26,264.2,5895247
10-Aug-15,267.7,264.4,268.8,260.8,4278444
11-Aug-15,264,258.3,264.9,257.6,6143145
12-Aug-15,256,252.3,260.85,250.8,7865377
13-Aug-15,253,253.1,255.6,251.5,9494570
14-Aug-15,254.1,254.9,256.9,253.1,4167606
17-Aug-15,256.8,253.4,256.8,252.6,3137254
18-Aug-15,252.6,252.5,254.6,252.2,5043762
19-Aug-15,252.1,246.2,252.3,245.8,6718723
20-Aug-15,245,245.8,248.1,242.2,6109353
21-Aug-15,242.9,239.6,247.4,239.6,5562700
24-Aug-15,232.5,231.9,236.7,230.1,18425772
25-Aug-15,234.5,237.7,238.8,232.7,8625142
26-Aug-15,235,235.9,240.13,233.2,9812320
27-Aug-15,240,240.5,241.7,237.1,7296284
28-Aug-15,240.7,242.7,242.7,237.89,6483669
01-Sep-15,240.1,237.9,242,236.7,15761375
02-Sep-15,237.4,237.1,240.1,234.7,8089415
03-Sep-15,239.1,243.3,245.8,238.16,6646095
04-Sep-15,241.1,237.4,241.8,237.4,7720577
07-Sep-15,239.3,235.4,240,234.96,3508545
08-Sep-15,236.5,238.5,241.6,235.91,6299796
09-Sep-15,243.3,243.4,246.5,241.8,5356827
10-Sep-15,242.2,238.9,242.4,237.96,7915618
11-Sep-15,239.1,233.4,239.6,232.9,5995194
14-Sep-15,233.5,229.6,236.1,229.3,6639204
15-Sep-15,229,228.6,229.87,221.3,8114278
16-Sep-15,229.4,231.2,232.3,228.6,5335401
17-Sep-15,231.5,225,231.5,224.8,9201121
18-Sep-15,224.5,228.3,229.9,224.1,10398081
21-Sep-15,227.8,231.6,232.9,227.2,6349362
22-Sep-15,232.1,227.8,234.2,227.3,10863985
23-Sep-15,227.8,228.7,231.1,226.1,6722722
24-Sep-15,228.4,223.7,228.7,223.2,8725823
25-Sep-15,226.4,226.6,229.9,223.7,8214116
28-Sep-15,226.6,226.1,228.94,225.1,5851214
29-Sep-15,223.9,229.3,233.9,223.4,9581984
30-Sep-15,250.5,261,264,250.5,31105802
01-Oct-15,261,256,262.6,252.4,14086985
02-Oct-15,258.4,259.3,260.1,254.94,7683223
05-Oct-15,263.4,266.6,266.6,262.2,12456559
06-Oct-15,267,272.4,272.94,266.63,8161441
07-Oct-15,271.9,272.1,274,269.3,9002242
08-Oct-15,272.1,272.8,274.2,268.87,7403312
09-Oct-15,274.7,275.7,276.01,272,8677133
12-Oct-15,274.8,271.2,275.85,269.6,6258962
13-Oct-15,270.5,263.7,271,262.66,10149617
14-Oct-15,261.9,262.2,265.5,260.5,8039097
15-Oct-15,264,262.8,264.9,261.7,3899326
16-Oct-15,262.5,264.9,268.51,262.5,7129001
19-Oct-15,264.3,263.6,267.1,262.7,3305284
20-Oct-15,264.8,265.6,266.2,261.8,7338943
21-Oct-15,265.6,264.6,266.63,262.4,4603155
22-Oct-15,263.5,265.8,267.8,263.5,4128795
23-Oct-15,266.7,269.2,269.9,264.9,5271420
26-Oct-15,269,271.1,274.5,266.3,4954581
27-Oct-15,271.1,266.9,271.4,266.5,4411950
28-Oct-15,268.1,269,270.6,266,5440893
29-Oct-15,269.3,269.3,271.4,268.1,3789794
30-Oct-15,270.1,266.4,270.5,264.96,6167178
02-Nov-15,265.9,267.1,268,264.6,4381598
03-Nov-15,268.2,269.4,271.4,267.5,4986167
04-Nov-15,270.7,277,279.9,269.4,8654947
05-Nov-15,276.7,275,277.7,273.1,12422985
06-Nov-15,274.8,274.6,276.5,272.7,4025172
09-Nov-15,273.9,273.3,277.4,273.2,7333655
10-Nov-15,273.5,272.6,274.2,266.44,8702369
11-Nov-15,277.9,253.3,279,252.7,19685030
12-Nov-15,250,243,252.12,241.9,14618612
13-Nov-15,241.5,241.1,245.3,240.4,9168888
16-Nov-15,239.9,243.2,243.2,236.3,6982842
17-Nov-15,243.9,248.4,251.9,243.2,10194235
18-Nov-15,247,253.6,256.3,246,8315540
19-Nov-15,250.5,253.2,255.7,250.5,7687920
20-Nov-15,254.3,253.7,256.76,253.6,6874060
23-Nov-15,252.6,249.6,252.9,248.13,4006602
24-Nov-15,248.5,250.2,251.1,247.4,5962302
25-Nov-15,251.2,252.4,253.6,249.9,4728566
26-Nov-15,253.3,258.1,258.1,252.98,4477728
27-Nov-15,257.1,256.1,258.4,255.3,4085430
30-Nov-15,255.5,253.8,256.4,252.3,7116033
01-Dec-15,254,252.7,255.5,250.2,6381661
02-Dec-15,254.1,251.6,254.15,250.2,4670443
03-Dec-15,250.8,246.2,255.9,246.2,7692591
04-Dec-15,245.3,245,248.9,243.5,7286023
07-Dec-15,245.2,241.7,245.75,241.7,5264925
08-Dec-15,242,244.7,253.1,241.1,9203164
09-Dec-15,244.3,245.5,247.4,242.8,7591002
10-Dec-15,244,241.5,245.8,240.3,5942970
11-Dec-15,240.6,235,241.2,234.4,8766125
14-Dec-15,235.1,236.9,244.8,235.1,6715653
15-Dec-15,238.7,249.3,249.5,237.1,11168650
16-Dec-15,249.8,248.2,249.8,243.6,11009023
17-Dec-15,253.3,255.8,261.11,251.1,10576203
18-Dec-15,253.6,255.2,257.2,251.9,9725959
21-Dec-15,254.1,259.6,263.31,253.5,6752847
22-Dec-15,260.6,259.1,262,255.9,4403748
23-Dec-15,260.2,266,266.6,260.2,5924415
24-Dec-15,265.1,266.4,267.6,263.69,762488
29-Dec-15,264.3,264.9,267.2,262.5,6943423
30-Dec-15,263.3,261.7,264.16,260.1,4819409
31-Dec-15,260.8,258.8,260.8,253.5,3187211
04-Jan-16,256.9,255.3,257.4,252.7,7610953
05-Jan-16,255.8,242.1,276,239.96,19315052
06-Jan-16,241,241,247,239.73,12092234
07-Jan-16,237.1,238.7,241.37,234.7,8852420
08-Jan-16,240.3,241.9,242.8,238.4,8140925
11-Jan-16,241.9,243.3,246.4,239.8,16629715
12-Jan-16,247.1,251.2,254.7,245.8,13900613
13-Jan-16,252.7,247.7,253.03,244.7,13334345
14-Jan-16,246.3,250,252,245,9534015
15-Jan-16,249.2,243.9,252.8,241.4,9106022
18-Jan-16,242.5,239.5,245.4,237.6,4989679
19-Jan-16,243.3,239,243.5,238.2,5948685
20-Jan-16,234.3,232.9,239,230.5,6801302
21-Jan-16,234.2,231.1,236.3,229.5,11419152
22-Jan-16,233.8,233.6,236.7,232,8906775
25-Jan-16,235.2,231.6,235.8,230.1,5427300
26-Jan-16,228.6,231,231.9,227,5975374
27-Jan-16,230.3,235.5,235.5,228.8,7398173
28-Jan-16,234.5,236.7,240.1,234.1,6154325
29-Jan-16,238.1,245.1,245.9,235.7,10200000
01-Feb-16,245.9,244.6,247,241.4,6852596
02-Feb-16,244.2,250.5,252.9,242.3,16194761
03-Feb-16,248.2,244.5,250.4,242.4,11442054
04-Feb-16,247,245.1,247,241.9,6430000
05-Feb-16,246,250.9,252.4,245.4,8926827
08-Feb-16,251.1,242.9,253.3,241.85,7541910
09-Feb-16,243.8,242.5,250.1,239.1,5975252
10-Feb-16,243,240.3,246.8,239.9,5017339
11-Feb-16,238.5,236.4,239.3,233.83,5936021
12-Feb-16,237.7,239.3,240,234.3,5274066
15-Feb-16,243.3,247.2,248.01,242.67,5439407
16-Feb-16,248.1,249.6,250.4,245.8,5700550
17-Feb-16,255.1,261.5,262.6,254.2,10907671
18-Feb-16,261.7,263.1,268.03,260.2,6946980
19-Feb-16,263,261.1,263.2,257.1,4773926
22-Feb-16,260,255.2,261.1,254.5,6980142
23-Feb-16,254.3,251.3,254.5,249.7,4548014
24-Feb-16,250.7,247.6,251.2,245.96,4667807
25-Feb-16,250.2,250,253.6,246.7,3455463
26-Feb-16,251.7,252.8,254.2,251.6,4299557
29-Feb-16,251.5,254.4,254.4,249.2,7580345
01-Mar-16,254.8,259.4,260.5,253.8,7789201
02-Mar-16,261.3,262,263.12,260,11954182
03-Mar-16,262.8,264.3,269.9,262,19721570
04-Mar-16,266,267.2,269.6,264.3,5407482
07-Mar-16,267,270.5,270.6,265.1,6021304
08-Mar-16,269.4,266.9,270.8,264.5,5963247
09-Mar-16,267.2,267.8,270.4,265.2,6251175
10-Mar-16,269.1,266,271.4,265.1,7852662
11-Mar-16,268.7,273.3,274.2,267.8,5988298
14-Mar-16,273.2,280.6,280.9,272.73,9019429
15-Mar-16,279.9,277.6,283.4,276.7,12383464
16-Mar-16,279,279.5,281.9,276.7,8241707
17-Mar-16,281.1,281.5,283,278.3,15280155
18-Mar-16,281.3,273.2,284,270.4,27099524
21-Mar-16,274.9,276.5,280.3,269.4,19654366
22-Mar-16,275.5,280,280,273.7,13302881
23-Mar-16,280.4,280.6,284.9,278.9,8260842
24-Mar-16,278.7,275.6,279,274.4,5171010
29-Mar-16,276.3,276,279.6,274.2,4547910
30-Mar-16,278.1,280.9,280.9,277.89,4795052
31-Mar-16,280,276.3,280.6,275.2,5411778
01-Apr-16,274.1,276.6,276.6,269,8264012
04-Apr-16,276.4,276.8,278.4,275,5690839
05-Apr-16,275.7,278.3,280.1,273.5,7611953
06-Apr-16,279.1,279.7,279.8,277,7836285
07-Apr-16,283.4,287.2,288.05,282.6,13955844
08-Apr-16,287.2,288.5,289.4,286,6736818
11-Apr-16,287.8,290.9,292.4,286.5,7388542
12-Apr-16,290.6,285.8,291.5,283.6,9234101
13-Apr-16,285.3,286,290.6,281.4,8216292
14-Apr-16,287,285.5,287.26,284,4634863
15-Apr-16,285.5,284.9,286.9,283.6,7475475
18-Apr-16,285.6,289.2,290.2,280.2,10158199
19-Apr-16,289.5,292.5,293,289.5,11954184
20-Apr-16,292.2,292.2,293.7,290.6,7358665
21-Apr-16,293.8,288.8,293.81,288.2,6343967
22-Apr-16,288.7,292.4,294.4,288.1,7263626
25-Apr-16,292,289.7,292.8,286,4340302
26-Apr-16,290.1,288.3,290.9,287.8,4433666
27-Apr-16,287.5,290.3,290.3,283.8,7117539
28-Apr-16,288.1,291.8,291.8,286.8,9976039
29-Apr-16,289.4,288.9,291.5,288.1,4524822
03-May-16,287.6,285.7,290.6,281.9,6898099
04-May-16,276,267.8,282.4,263.1,17326576
05-May-16,267.3,266.6,272.26,261.8,9275717
06-May-16,266.3,266.5,267.9,264,5472785
09-May-16,268,264.2,268.6,262.7,7378442
10-May-16,266,264.6,266.9,263.5,5513485
11-May-16,263.8,263,265.2,261.6,7265791
12-May-16,254.2,252.5,258.2,251.9,7461778
13-May-16,251.6,255.2,255.9,250.6,5977844
16-May-16,253.5,256.4,257.7,253.46,4127456
17-May-16,257.4,253.5,258.8,253.3,3550216
18-May-16,253.3,253.4,254,251.1,5236719
19-May-16,251.8,251.9,255.3,250.4,5886713
20-May-16,254.5,260.6,261.3,254,7338380
23-May-16,261.2,258.3,261.6,258.3,5799737
24-May-16,258.3,264.1,266.5,257.6,6107996
25-May-16,265.2,262.9,265.2,261.6,4683126
26-May-16,263.9,267.6,269.8,263.1,6328688
27-May-16,267.1,269.3,269.4,266.4,4498556
31-May-16,268.8,268.5,270.4,266.8,6140176
01-Jun-16,267.4,256.9,268.15,255.9,11192597
02-Jun-16,256.6,256.9,257.9,255.3,7612461
03-Jun-16,257.5,246.2,258,244.5,12948958
06-Jun-16,246.2,247.6,249.4,246.01,5687237
07-Jun-16,249,246.7,249,245.2,7690555
08-Jun-16,250.9,250.6,254,243.3,13663794
09-Jun-16,250.7,247.5,254.4,247.5,7090771
10-Jun-16,247.3,241.8,248,241.3,7155274
13-Jun-16,241,238.2,244.5,235.8,9352583
14-Jun-16,236.9,231,238.1,230.8,10797463
15-Jun-16,233,231.8,235.7,223,8866077
16-Jun-16,228.9,230.5,230.72,228.2,6207791
17-Jun-16,232.4,231.6,240.44,230,9685424
20-Jun-16,236,244.5,245.9,236,10179347
21-Jun-16,244,245.5,247.1,241,8137484
22-Jun-16,247.4,244.7,248.4,243.9,5051778
23-Jun-16,247.4,246.5,248.5,244.6,4666794
24-Jun-16,220,227.2,235,211.5,22409736
27-Jun-16,222.9,217.8,225,214.8,16180518
28-Jun-16,222.7,222,224.9,220.9,10283202
29-Jun-16,226.2,229.8,231.6,224.5,13534327
30-Jun-16,227.9,232.3,232.4,223.6,12746989
01-Jul-16,233.9,236.1,237.7,231.7,10563711
04-Jul-16,237.5,230.9,237.5,229.8,9572394
05-Jul-16,231.7,222.9,231.7,222.1,13880152
06-Jul-16,222,214.6,222.4,212.6,15109583
07-Jul-16,216.9,217.3,219.6,213.7,7506978
08-Jul-16,216.8,223.9,225.2,216.6,9764690
11-Jul-16,224.9,227.3,232.7,218.6,8750417
12-Jul-16,227,230.2,231.5,226.97,8498738
13-Jul-16,230.3,230.3,232.1,228.4,5844354
14-Jul-16,232.4,231.3,233.8,230.04,6811645
15-Jul-16,230.5,229.2,230.97,226.5,6908773
18-Jul-16,229.6,230.5,232.23,228.6,4995818
19-Jul-16,229.5,227.5,229.8,226.6,4049887
20-Jul-16,228.9,229.5,230.33,227.3,6400091
21-Jul-16,230.1,228,231.3,226.7,4330299
22-Jul-16,227.6,225.1,229.1,224.6,13779544
25-Jul-16,225.8,227.8,229.8,225.16,11223449
26-Jul-16,229.4,223.1,229.4,221.7,10056666
27-Jul-16,223.3,225.9,227,222.78,6362429
28-Jul-16,226.6,223.6,227.9,223.4,5741205
29-Jul-16,225.2,224.3,225.2,222.6,5299245
01-Aug-16,225.6,223.5,225.6,220.9,7182700
02-Aug-16,223.2,222.3,223.6,221.2,6140830
03-Aug-16,222.4,222.5,223.65,220.14,4393193
04-Aug-16,222.5,226.8,229.6,222.5,6706079
05-Aug-16,226.9,229.9,231.33,226.4,5881421
08-Aug-16,230,233.7,235.1,228.9,8889399
09-Aug-16,234.4,235.9,237.2,233.4,9008862
10-Aug-16,235.9,234.5,236.8,233.6,8410353
11-Aug-16,235,232.7,235.5,231.8,5280730
12-Aug-16,232.1,237.6,238.6,231.5,5452575
15-Aug-16,238.2,235,239,233.68,5918817
16-Aug-16,234,235,236.67,231.9,8987537
17-Aug-16,236.1,234.4,236.5,232.5,12205818
18-Aug-16,236.3,241.6,242.3,234.4,8376016
19-Aug-16,241.2,242.1,242.7,239.9,7798113
22-Aug-16,240.9,241.7,243.7,240.2,6910656
23-Aug-16,243.1,244.9,246.5,241.7,8044084
24-Aug-16,243.8,243.2,246.2,242.4,6435964
25-Aug-16,242.6,242.4,244.38,240.8,5536628
26-Aug-16,242.1,241.5,246,240,5192077
30-Aug-16,240.8,242.8,244.4,240.3,8875860
31-Aug-16,241.8,240.3,242.9,238.36,35367584
01-Sep-16,241.2,242,244.3,240.5,8761139
02-Sep-16,243.2,246.1,247.7,240.4,12664798
05-Sep-16,246,246.3,248.1,245.1,7406608
06-Sep-16,247.8,244.6,247.8,244,8277744
07-Sep-16,244.3,244.1,245.6,243.4,7379557
08-Sep-16,244.8,244.7,247.9,242.4,8835280
09-Sep-16,244.2,241,246.5,239.97,5991306
12-Sep-16,238.5,238.9,240.4,234.6,6612349
13-Sep-16,239.9,235.9,241.88,235.9,5752346
14-Sep-16,237.1,235.1,237.3,234.54,5524221
15-Sep-16,235,240,240.9,235,8913809
16-Sep-16,240,240.3,241.5,238.7,9854918
19-Sep-16,242,246.5,247.4,240.17,7829894
20-Sep-16,245.7,244.5,246.4,242.8,9354338
21-Sep-16,245.6,249.4,250.6,239,7825693
22-Sep-16,251,251.7,253.61,248.76,5595011
23-Sep-16,251.1,253.9,253.9,249.5,6182117
26-Sep-16,252.5,248.7,252.5,247.8,11085658
27-Sep-16,250.7,250.8,251.5,247.9,6985240
28-Sep-16,250,241,254.5,240.34,23047500
29-Sep-16,242.4,242.4,243.77,240.5,12340929
30-Sep-16,240,245.8,245.8,237.51,9726005
03-Oct-16,244.5,245,246.4,243.8,8404807
04-Oct-16,245.1,250.2,252.1,245.1,11631894
05-Oct-16,256.9,248.3,257.7,248.28,14943924
06-Oct-16,247.1,244.9,248.5,244,7735545
07-Oct-16,244.9,232,245,232,22494504
10-Oct-16,232.1,233.8,239.33,229.56,9203518
11-Oct-16,233.1,232.8,235.01,231.6,9899473
12-Oct-16,233.5,233.3,235.3,232.32,8781099
13-Oct-16,231.1,231.2,232.5,228.82,9863996
14-Oct-16,232.1,232.9,235.07,231.36,7947474
17-Oct-16,233.9,229.3,233.9,228.4,9962707
18-Oct-16,230,235,235.7,229.5,9538408
19-Oct-16,236,237.9,238.05,233.1,6794776
20-Oct-16,238.8,238.7,240,236.2,7269107
21-Oct-16,239.3,240.9,243.8,238.2,7809471
24-Oct-16,241.2,242.6,244.5,240.5,7411160
25-Oct-16,243.2,240.2,244.4,239.7,8777783
26-Oct-16,242.8,243.4,245.1,240.9,7400131
27-Oct-16,242.6,244,244,240.81,6655624
28-Oct-16,243,254,255.3,239,17199168
31-Oct-16,252.7,250.9,253.9,248.9,13415037
01-Nov-16,250.9,253.7,254.4,249.8,10948273
02-Nov-16,251.6,252.9,253.7,249.72,9108290
03-Nov-16,252.2,258.6,263.2,252.2,22984340
04-Nov-16,255.6,254.8,256.3,252.7,8334365
07-Nov-16,257.3,255.6,259,253.7,10084781
08-Nov-16,254.3,255.5,257.4,253.2,11096736
09-Nov-16,243,238.7,255.85,236.4,37244696
10-Nov-16,236.7,230.5,239.7,228.7,23218058
11-Nov-16,231,235.2,238.7,229.1,13937237
14-Nov-16,237.1,236.5,240.16,233.23,9463249
15-Nov-16,241.6,241.7,245,239.8,12679059
16-Nov-16,241.5,239.4,244.8,238.8,11506682
17-Nov-16,238,237.6,243.18,235.9,6757440
18-Nov-16,237.7,238.9,240.7,237.2,8828570
21-Nov-16,240.1,236.2,240.1,233.6,7708838
22-Nov-16,237.1,237.3,239.1,236.6,7176266
23-Nov-16,238.2,234.8,239.4,234.7,7127581
24-Nov-16,235.4,236,237.42,233,5704201
25-Nov-16,236.7,236,237,232.3,5318594
28-Nov-16,235,232.8,237.1,231.8,7526385
29-Nov-16,232,233.2,234.4,231.15,5476430
30-Nov-16,232.5,231,234.78,229.91,13034404
01-Dec-16,230.6,228.7,231.1,227,6551663
02-Dec-16,227.6,229,230.4,224.1,7507280
05-Dec-16,228.4,231.5,233.8,228.2,5163964
06-Dec-16,231.4,234.5,234.8,230.1,6322324
07-Dec-16,236.5,240.6,240.6,235.1,9451124
08-Dec-16,240.8,243.4,244.63,238.5,18300616
09-Dec-16,243,247,247.3,243,9339720
12-Dec-16,247.6,242,247.6,241.1,7618498
13-Dec-16,242.5,245.8,246.4,240,9968754
14-Dec-16,245.1,249.4,251.9,244.61,12921526
15-Dec-16,248.5,250.6,251.61,247.7,7642398
16-Dec-16,250,250,252.1,248.2,11365582
19-Dec-16,250.6,247.9,250.6,247.7,6487126
20-Dec-16,247.8,248.9,250.1,247.74,7485508
21-Dec-16,248,248.1,249.5,246.8,7298779
22-Dec-16,246.9,248.7,249.1,246.1,6367418
23-Dec-16,247.7,248.7,249.2,247.7,1240374
28-Dec-16,247.7,248,249,246.7,3829503
29-Dec-16,246.9,250,250,246.3,4659000
30-Dec-16,250,249.3,250,247.3,3625868
03-Jan-17,250.3,252.4,254.38,249.8,8465678
04-Jan-17,253.2,252.4,254.1,250.5,9386435
05-Jan-17,252.4,250.5,253.2,250,9351505
06-Jan-17,250.4,252,252.2,249.3,4568755
09-Jan-17,253,254.8,254.9,251.3,7663524
10-Jan-17,257.1,258.8,263,254.8,16181382
11-Jan-17,268.8,261.4,277.1,259.11,31040376
12-Jan-17,260.5,259.8,275,255.4,15181760
13-Jan-17,260.3,264.6,265.6,259.3,11635318
16-Jan-17,265,263,265,261.3,8480430
17-Jan-17,262.9,265.1,265.34,261.4,10184019
18-Jan-17,265.4,265.6,266.2,261.8,10103348
19-Jan-17,266.6,268,268,264.6,9770501
20-Jan-17,264.2,262.7,266.6,260.7,12333772
23-Jan-17,261.6,259.8,262.25,258.5,8262104
24-Jan-17,260,256,261.4,254.7,9745589
25-Jan-17,257.1,256.5,257.9,254.3,6788282
26-Jan-17,257.5,258.1,259.2,255.2,6289135
27-Jan-17,259.2,254.5,260,252.5,17579136
30-Jan-17,253.7,256.9,260.2,252.6,13270804
31-Jan-17,257.2,257.9,261.9,256.9,10835984
01-Feb-17,258.8,258.3,261.09,257.9,6802960
02-Feb-17,258.1,257.8,260.21,255,7217403
03-Feb-17,258,264.8,264.8,257.7,12966282
06-Feb-17,264.3,260,265.1,259.3,6444232
07-Feb-17,260.1,266.2,266.6,257.8,15995280
08-Feb-17,266.2,267.4,270.2,265.5,15496719
09-Feb-17,267.8,266.7,269.3,265.4,8576237
10-Feb-17,266.7,264.6,268.3,263.7,7768137
13-Feb-17,264.3,265.9,267.18,263.17,8891367
14-Feb-17,264.8,266.3,268.3,264.6,7298071
15-Feb-17,266.6,266.5,268.5,265.2,6113746
16-Feb-17,265.7,267.3,268.08,265.3,5370722
17-Feb-17,267.2,268.4,268.42,265.6,7037847
20-Feb-17,268.6,268.1,269.08,266.2,5563588
21-Feb-17,269.1,265.8,269.8,265.6,6761860
22-Feb-17,265.5,267.1,268.7,264.6,9222456
23-Feb-17,267.1,267.7,268.1,266.71,5729882
24-Feb-17,267.7,265.6,267.99,264.61,7830234
27-Feb-17,267.1,267,270,265.8,6099403
28-Feb-17,267.3,267.6,268.4,266.1,6018926
01-Mar-17,268,268.4,269.2,266.26,6772154
02-Mar-17,267.4,264.7,267.7,264.3,9031467
03-Mar-17,264.8,261.4,266.2,260.98,10036498
06-Mar-17,261.7,260.2,262.85,259.6,9624700
07-Mar-17,259.4,263.6,265.14,259.3,11789157
08-Mar-17,263.6,266,266.8,263,9300505
09-Mar-17,263.5,262.4,263.5,260.1,10658998
10-Mar-17,261.9,266.4,266.7,261.8,6398206
13-Mar-17,265.4,269,269,265.1,6775021
14-Mar-17,268.6,271.2,271.57,268.3,7787533
15-Mar-17,271.6,271.4,274.4,270.1,10438907
16-Mar-17,270,268.1,272.5,263,12838038
17-Mar-17,266.4,269.7,272.4,266.4,15669812
20-Mar-17,268.5,274.3,274.6,267.1,6640770
21-Mar-17,272.1,273.1,274.59,272.1,5463740
22-Mar-17,273.3,266.6,273.3,265.8,6343760
23-Mar-17,265.1,266.6,267,262.7,8006889
24-Mar-17,266.6,266.6,267.6,265,4699848
27-Mar-17,265.6,267.8,267.8,263.6,4669988
28-Mar-17,270,264.9,270,264.6,5145832
29-Mar-17,265,265,265.3,263.5,10696389
30-Mar-17,265.2,265.2,266,263.8,8367679
31-Mar-17,265,264.3,265.2,263.6,10847193
03-Apr-17,265,263.2,265,262.6,6960699
04-Apr-17,263.6,257.4,264.3,256.6,11965312
05-Apr-17,257.7,256.3,258.3,255.4,9191834
06-Apr-17,255,254.4,255.6,251.6,8704734
07-Apr-17,258,261.8,261.9,254.4,10282580
10-Apr-17,262,262.6,262.7,260,6204885
11-Apr-17,262.4,265,265,261.6,6321846
12-Apr-17,264.9,257.9,265.2,257.85,12526680
13-Apr-17,257,258.4,259.55,255.9,6467352
18-Apr-17,258.3,254.6,258.4,254.05,8374125
19-Apr-17,254.3,267.4,268.5,254.3,19721928
20-Apr-17,267.8,265.6,270.1,263.9,13069284
21-Apr-17,264.9,266,267.1,264.2,9122431
24-Apr-17,268,271.4,272.11,266.31,10001188
25-Apr-17,271.6,272.2,274.7,270.2,7146956
26-Apr-17,272,273.6,273.8,271.2,5968417
27-Apr-17,271.8,273.9,274.1,271.05,5454545
28-Apr-17,273.3,275.4,275.6,272.7,13383010
02-May-17,275.7,279.5,282.3,274.4,17088164
03-May-17,273,263.5,277,262.4,29223564
04-May-17,263.5,259.4,264.64,257.2,15584848
05-May-17,258.3,265,265,257.6,13380355
08-May-17,264.9,269.5,269.9,264.4,12775016
09-May-17,269.5,269.8,270.1,266.7,8212256
10-May-17,268.9,271.7,273.6,267.3,7773514
11-May-17,264.9,265.1,265.3,260.99,9791541
12-May-17,265.6,264.8,267.3,263.8,6524605
15-May-17,266.2,266.7,268.2,264.8,7997021
16-May-17,267.5,269.7,270.6,265.4,6597739
17-May-17,269.3,269.1,270.9,267.61,5760774
18-May-17,269.6,273.2,274.1,266.53,8462473
19-May-17,274.2,274.3,275.1,270.5,8059281
22-May-17,275.7,278,279.3,274,6172575
23-May-17,278.9,276.7,279.4,276.3,5773790
24-May-17,277.3,277.6,278.15,276,6074872
25-May-17,278,278.6,280.3,277.8,4029704
26-May-17,278.4,281.7,283.6,278.1,8541140
30-May-17,280,279.7,281.7,277.4,6038170
31-May-17,280.2,281,282.8,278.8,9466767
01-Jun-17,281,279.3,281.5,279.1,6825870
02-Jun-17,280.9,275.1,280.9,274.4,8859364
05-Jun-17,275.8,272.3,279.3,272.3,5857678
06-Jun-17,272,270,272.5,269.3,8252320
07-Jun-17,269.4,268.7,272.1,268.6,7449591
08-Jun-17,269.3,267.4,269.46,266.2,5773095
09-Jun-17,267.5,265,267.5,258.6,15327842
12-Jun-17,264.3,265,265.6,263.3,6827740
13-Jun-17,266.2,268.7,269.8,265.4,7508869
14-Jun-17,268.2,267.6,270.2,267.6,8303115
15-Jun-17,265.7,262.4,266.9,260.6,15109810
16-Jun-17,263.5,252.3,266,249.9,35982896
19-Jun-17,255.6,258,259.3,253,11527075
20-Jun-17,260.2,254.9,260.2,254.4,7787961
21-Jun-17,254.9,253.4,255.2,253.2,8306403
22-Jun-17,253.6,250.4,253.8,249.8,7089482
23-Jun-17,250.5,253.4,254.1,250,5543120
26-Jun-17,255.1,255,255.8,252.8,4843048
27-Jun-17,254.5,254.1,255.7,253.3,5598376
28-Jun-17,254.3,258.4,259.3,254.2,8055632
29-Jun-17,259.4,255.6,260.4,255.5,6217385
30-Jun-17,255.7,251.7,256.5,251.2,11593718
03-Jul-17,251.7,248.9,253.8,247.5,9881373
04-Jul-17,255,249.6,255.8,248,7145932
05-Jul-17,249.9,251.9,252.8,248.3,7364393
06-Jul-17,251.2,248.2,252.9,245.9,7969080
07-Jul-17,246.9,246.4,248.2,243.9,9394945
10-Jul-17,246.4,246.1,248.8,245.8,5140304
11-Jul-17,245.2,244.2,247.3,242.8,8168587
12-Jul-17,245,244.5,246.9,244,5125967
13-Jul-17,245.1,246,247.3,243.4,7809138
14-Jul-17,245.2,245.7,247.3,245,4191904
17-Jul-17,245.3,248,248.3,245.3,3650583
18-Jul-17,247.9,246.8,248,246.5,4310151
19-Jul-17,247.2,247.2,248.8,247.2,4537626
20-Jul-17,248.1,248.6,250.2,248,4096827
21-Jul-17,248.7,247,249.6,246.4,4270504
24-Jul-17,247.4,243.3,247.4,242.5,6920333
25-Jul-17,243.8,245.1,246.7,243.2,7637192
26-Jul-17,245.4,248.5,249.7,245.4,5575152
27-Jul-17,248.1,249.1,250,247.8,5011302
28-Jul-17,247.4,246.7,248.8,246.1,4434614
31-Jul-17,246.3,244.8,246.9,244.5,5244803
01-Aug-17,246.2,248.3,248.4,245.1,4207828
02-Aug-17,248.6,249.8,250.7,247.5,4944329
03-Aug-17,250,252.3,253.8,249.8,4681471
04-Aug-17,252.3,252.5,254,251.2,4443562
07-Aug-17,252.6,250,253.5,249,4215589
08-Aug-17,250,246.2,250.1,238.6,10426213
09-Aug-17,245,245.8,246.8,244,4368304
10-Aug-17,245.5,243.7,246.1,242.8,4610496
11-Aug-17,243.4,241.6,244.2,240.7,3780384
14-Aug-17,241.1,240.1,242.6,238.8,5880011
15-Aug-17,241.3,241.8,242.9,240.9,3801275
16-Aug-17,241.6,242.6,243.5,241.3,2964905
17-Aug-17,242.7,239.7,243,238.9,4773958
18-Aug-17,238.9,237.1,238.9,236,6226635
21-Aug-17,236.1,237.6,238,234.5,5815313
22-Aug-17,238.2,237.7,238.7,231.8,10683577
23-Aug-17,237,236.9,238.9,236.4,5045268
24-Aug-17,238.1,237.2,238.8,234.8,4781745
25-Aug-17,236,236.1,237.2,231.8,6927634
29-Aug-17,233.9,230.7,235.1,229.8,9454176
30-Aug-17,233,235.8,237.3,232,10280211
31-Aug-17,235.7,235.6,236.2,232.2,7715629
01-Sep-17,235.2,236.1,237,234.2,4672667
04-Sep-17,234,234.1,237.5,233.8,3435283
05-Sep-17,234.4,235.8,237.1,234.3,4195819
06-Sep-17,236,237,237.4,234,4078998
07-Sep-17,238.1,237.2,238.1,235.9,4093742
08-Sep-17,237.1,234.9,237.1,234.3,4764099
11-Sep-17,236.4,236.1,238,235.8,6059388
12-Sep-17,236.7,239.1,240,236,8551026
13-Sep-17,238.4,239.6,241.1,237.3,8040028
14-Sep-17,239.5,240.4,241.4,237.9,10195766
15-Sep-17,240.6,237.7,240.9,237,12297612
18-Sep-17,238.6,237,239.3,236.5,5556434
19-Sep-17,236.5,243.1,243.4,235.7,7367262
20-Sep-17,243.3,244.2,245.7,240.8,11302036
21-Sep-17,244.2,234.3,244.5,234.1,13839126
22-Sep-17,235.2,233.3,235.2,232.4,8247741
25-Sep-17,232.8,235,235,232.4,6218201
26-Sep-17,234.9,237.9,238.9,234.3,9306145
27-Sep-17,239,238.4,239.5,237.5,6372739
28-Sep-17,238.4,236.7,238.4,236.2,6202183
29-Sep-17,237.1,237.9,239.9,236.8,5995555
02-Oct-17,237.8,239.7,242.3,237.6,6120240
03-Oct-17,242,247.5,248.6,240.6,10213002
